license_number,license_type,business_legal_name,expiration_date,license_status,activity,id,licensing_authority_id,licensing_authority,premise_state,license_status_date,issue_date,business_owner_name,business_structure,parcel_number,business_phone,business_email,business_image_url,license_designation,business_website,business_dba_name,license_term,premise_latitude,premise_longitude,premise_county,premise_street_address,premise_city,premise_zip_code,data_refreshed_date
AU-G-A-000143,Class A Marihuana Grower,Authentic 231,2024-11-17T00:00:00,Active,,0,CRA,Michigan Cannabis Regulatory Agency,MI,,,,,,,,,,,Authentic 231,,44.2582986,-86.3183681,Manistee County,74 Arthur St Bldg B,Manistee,49660,2024-03-17T22:44:15.999310
AU-G-A-000138,Class A Marihuana Grower,High Bud,2024-05-19T00:00:00,Active,,1,CRA,Michigan Cannabis Regulatory Agency,MI,,,,,,,,,,,High Bud,,44.9167627,-84.9697727,Antrim County,5963 Scholl Rd,Mancelona,49659,2024-03-17T22:44:15.999310
AU-G-A-000137,Class A Marihuana Grower,The Noggin Shop,2025-03-16T00:00:00,Active,,2,CRA,Michigan Cannabis Regulatory Agency,MI,,,,,,,,,,,The Noggin Shop,,47.1748961,-88.4263205,Houghton County,52324 Duncan Ave,Hubbell,49934,2024-03-17T22:44:15.999310
AU-G-A-000134,Class A Marihuana Grower,GL Hydro Pharm LLC,2025-02-13T00:00:00,Active,,3,CRA,Michigan Cannabis Regulatory Agency,MI,,,,,,,,,,,GL Hydro Pharm LLC,,44.941384,-85.019193,Antrim County,6068 US-131,Mancelona,49659,2024-03-17T22:44:15.999310
AU-G-A-000136,Class A Marihuana Grower,World Selections,2025-02-10T00:00:00,Active,,4,CRA,Michigan Cannabis Regulatory Agency,MI,,,,,,,,,,,World Selections,,42.25499,-84.35609099999999,Jackson County,220 Watts Rd,Jackson,49203,2024-03-17T22:44:15.999310
AU-G-A-000132,Class A Marihuana Grower,"Spring Valley Growers, LLC",2024-10-27T00:00:00,Active,,5,CRA,Michigan Cannabis Regulatory Agency,MI,,,,,,,,,,,"Spring Valley Growers, LLC",,41.8844464,-84.5441484,Hillsdale County,Osseo,MI 49266,USA,2024-03-17T22:44:15.999310
AU-G-A-000131,Class A Marihuana Grower,"Aloft Process, Inc",2023-08-01T00:00:00,License Void,,6,CRA,Michigan Cannabis Regulatory Agency,MI,,,,,,,,,,,"Aloft Process, Inc",,41.8207409,-86.381188,Berrien County,317 Post Rd,Buchanan,49107,2024-03-17T22:44:15.999310
AU-G-A-000128,Class A Marihuana Grower,Urban Gardens,2025-02-19T00:00:00,Active,,7,CRA,Michigan Cannabis Regulatory Agency,MI,,,,,,,,,,,Urban Gardens,,42.2855202,-85.5748426,Kalamazoo County,617 Portage Street,Kalamazoo,49007,2024-03-17T22:44:15.999310
AU-G-A-000125,Class A Marihuana Grower,"Family Trees, LLC",2023-07-27T00:00:00,License Void,Social Equity,8,CRA,Michigan Cannabis Regulatory Agency,MI,,,,,,,,,,,"Family Trees, LLC",,42.2332735,-84.3154765,Jackson County,4975 Page Ave,Michigan Center,49254,2024-03-17T22:44:15.999310
AU-G-A-000121,Class A Marihuana Grower,"Smart Decisions, Inc.",2023-05-19T00:00:00,License Void,,9,CRA,Michigan Cannabis Regulatory Agency,MI,,,,,,,,,,,"Smart Decisions, Inc.",,42.236,-84.347758,Jackson County,1256 Falahee Rd,Jackson,49203,2024-03-17T22:44:15.999310
AU-G-A-000120,Class A Marihuana Grower,Source 906,2023-05-04T00:00:00,License Void,,10,CRA,Michigan Cannabis Regulatory Agency,MI,,,,,,,,,,,Source 906,,45.8366893,-88.05561399999999,Dickinson County,1500 N Stephenson Ave,Iron Mountain,49801,2024-03-17T22:44:15.999310
AU-G-A-000117,Class A Marihuana Grower,My Peaceable Kingdom LLC,2024-01-27T00:00:00,License Void,,11,CRA,Michigan Cannabis Regulatory Agency,MI,,,,,,,,,,,My Peaceable Kingdom LLC,,44.591837,-86.177582,Benzie County,2855 Paul Rose Rd,Frankfort,49635,2024-03-17T22:44:15.999310
AU-G-A-000115,Class A Marihuana Grower,"Epic Roots, LLC",2022-10-19T00:00:00,License Void,,12,CRA,Michigan Cannabis Regulatory Agency,MI,,,,,,,,,,,"Epic Roots, LLC",,42.4786922,-83.0817048,Macomb County,2103 Riggs Ave,Warren,48091,2024-03-17T22:44:15.999310
AU-G-A-000114,Class A Marihuana Grower,"Production Dr. Holdings, LLC",2024-08-30T00:00:00,Active,Public Documents Available,13,CRA,Michigan Cannabis Regulatory Agency,MI,,,,,,,,,,,"Production Dr. Holdings, LLC",,42.600824,-82.8542184,Macomb County,41525 Production Dr,Harrison Twp,48045,2024-03-17T22:44:15.999310
AU-G-A-000108,Class A Marihuana Grower,Exclusive Grand Rapids,2023-08-12T00:00:00,Active,Public Documents Available,14,CRA,Michigan Cannabis Regulatory Agency,MI,,,,,,,,,,,Exclusive Grand Rapids,,42.9091617,-85.60919,Kent County,2350 29th St SE,Wyoming,49508,2024-03-17T22:44:15.999310
AU-G-A-000107,Class A Marihuana Grower,Givingtrees,2022-03-23T00:00:00,License Void,,15,CRA,Michigan Cannabis Regulatory Agency,MI,,,,,,,,,,,Givingtrees,,42.4758753,-83.0952271,Oakland County,1008 E 10 Mile Rd,Hazel Park,48030,2024-03-17T22:44:15.999310
AU-G-A-000103,Class A Marihuana Grower,77 North Inc.,2022-02-18T00:00:00,License Void,,16,CRA,Michigan Cannabis Regulatory Agency,MI,,,,,,,,,,,77 North Inc.,,46.1167953,-85.9268531,Schoolcraft County,4404 M-77,Germfask,49836,2024-03-17T22:44:15.999310
AU-G-A-000143,Class A Marihuana Grower,Authentic 231,2024-11-17T00:00:00,Active,,17,CRA,Michigan Cannabis Regulatory Agency,MI,,,,,,,,,,,Authentic 231,,44.2582986,-86.3183681,Manistee County,74 Arthur St Bldg B,Manistee,49660,2024-03-17T22:44:15.999310
AU-G-A-000138,Class A Marihuana Grower,High Bud,2024-05-19T00:00:00,Active,,18,CRA,Michigan Cannabis Regulatory Agency,MI,,,,,,,,,,,High Bud,,44.9167627,-84.9697727,Antrim County,5963 Scholl Rd,Mancelona,49659,2024-03-17T22:44:15.999310
AU-G-A-000137,Class A Marihuana Grower,The Noggin Shop,2025-03-16T00:00:00,Active,,19,CRA,Michigan Cannabis Regulatory Agency,MI,,,,,,,,,,,The Noggin Shop,,47.1748961,-88.4263205,Houghton County,52324 Duncan Ave,Hubbell,49934,2024-03-17T22:44:15.999310
AU-G-A-000134,Class A Marihuana Grower,GL Hydro Pharm LLC,2025-02-13T00:00:00,Active,,20,CRA,Michigan Cannabis Regulatory Agency,MI,,,,,,,,,,,GL Hydro Pharm LLC,,44.941384,-85.019193,Antrim County,6068 US-131,Mancelona,49659,2024-03-17T22:44:15.999310
AU-G-A-000136,Class A Marihuana Grower,World Selections,2025-02-10T00:00:00,Active,,21,CRA,Michigan Cannabis Regulatory Agency,MI,,,,,,,,,,,World Selections,,42.25499,-84.35609099999999,Jackson County,220 Watts Rd,Jackson,49203,2024-03-17T22:44:15.999310
AU-G-A-000132,Class A Marihuana Grower,"Spring Valley Growers, LLC",2024-10-27T00:00:00,Active,,22,CRA,Michigan Cannabis Regulatory Agency,MI,,,,,,,,,,,"Spring Valley Growers, LLC",,41.8844464,-84.5441484,Hillsdale County,Osseo,MI 49266,USA,2024-03-17T22:44:15.999310
AU-G-A-000131,Class A Marihuana Grower,"Aloft Process, Inc",2023-08-01T00:00:00,License Void,,23,CRA,Michigan Cannabis Regulatory Agency,MI,,,,,,,,,,,"Aloft Process, Inc",,41.8207409,-86.381188,Berrien County,317 Post Rd,Buchanan,49107,2024-03-17T22:44:15.999310
AU-G-A-000128,Class A Marihuana Grower,Urban Gardens,2025-02-19T00:00:00,Active,,24,CRA,Michigan Cannabis Regulatory Agency,MI,,,,,,,,,,,Urban Gardens,,42.2855202,-85.5748426,Kalamazoo County,617 Portage Street,Kalamazoo,49007,2024-03-17T22:44:15.999310
AU-G-A-000125,Class A Marihuana Grower,"Family Trees, LLC",2023-07-27T00:00:00,License Void,Social Equity,25,CRA,Michigan Cannabis Regulatory Agency,MI,,,,,,,,,,,"Family Trees, LLC",,42.2332735,-84.3154765,Jackson County,4975 Page Ave,Michigan Center,49254,2024-03-17T22:44:15.999310
AU-G-A-000121,Class A Marihuana Grower,"Smart Decisions, Inc.",2023-05-19T00:00:00,License Void,,26,CRA,Michigan Cannabis Regulatory Agency,MI,,,,,,,,,,,"Smart Decisions, Inc.",,42.236,-84.347758,Jackson County,1256 Falahee Rd,Jackson,49203,2024-03-17T22:44:15.999310
AU-G-A-000120,Class A Marihuana Grower,Source 906,2023-05-04T00:00:00,License Void,,27,CRA,Michigan Cannabis Regulatory Agency,MI,,,,,,,,,,,Source 906,,45.8366893,-88.05561399999999,Dickinson County,1500 N Stephenson Ave,Iron Mountain,49801,2024-03-17T22:44:15.999310
AU-G-A-000117,Class A Marihuana Grower,My Peaceable Kingdom LLC,2024-01-27T00:00:00,License Void,,28,CRA,Michigan Cannabis Regulatory Agency,MI,,,,,,,,,,,My Peaceable Kingdom LLC,,44.591837,-86.177582,Benzie County,2855 Paul Rose Rd,Frankfort,49635,2024-03-17T22:44:15.999310
AU-G-A-000115,Class A Marihuana Grower,"Epic Roots, LLC",2022-10-19T00:00:00,License Void,,29,CRA,Michigan Cannabis Regulatory Agency,MI,,,,,,,,,,,"Epic Roots, LLC",,42.4786922,-83.0817048,Macomb County,2103 Riggs Ave,Warren,48091,2024-03-17T22:44:15.999310
AU-G-A-000114,Class A Marihuana Grower,"Production Dr. Holdings, LLC",2024-08-30T00:00:00,Active,Public Documents Available,30,CRA,Michigan Cannabis Regulatory Agency,MI,,,,,,,,,,,"Production Dr. Holdings, LLC",,42.600824,-82.8542184,Macomb County,41525 Production Dr,Harrison Twp,48045,2024-03-17T22:44:15.999310
AU-G-A-000108,Class A Marihuana Grower,Exclusive Grand Rapids,2023-08-12T00:00:00,Active,Public Documents Available,31,CRA,Michigan Cannabis Regulatory Agency,MI,,,,,,,,,,,Exclusive Grand Rapids,,42.9091617,-85.60919,Kent County,2350 29th St SE,Wyoming,49508,2024-03-17T22:44:15.999310
AU-G-A-000107,Class A Marihuana Grower,Givingtrees,2022-03-23T00:00:00,License Void,,32,CRA,Michigan Cannabis Regulatory Agency,MI,,,,,,,,,,,Givingtrees,,42.4758753,-83.0952271,Oakland County,1008 E 10 Mile Rd,Hazel Park,48030,2024-03-17T22:44:15.999310
AU-G-A-000103,Class A Marihuana Grower,77 North Inc.,2022-02-18T00:00:00,License Void,,33,CRA,Michigan Cannabis Regulatory Agency,MI,,,,,,,,,,,77 North Inc.,,46.1167953,-85.9268531,Schoolcraft County,4404 M-77,Germfask,49836,2024-03-17T22:44:15.999310
AU-G-A-000143,Class A Marihuana Grower,Authentic 231,2024-11-17T00:00:00,Active,,34,CRA,Michigan Cannabis Regulatory Agency,MI,,,,,,,,,,,Authentic 231,,44.2582986,-86.3183681,Manistee County,74 Arthur St Bldg B,Manistee,49660,2024-03-17T22:44:15.999310
AU-G-A-000138,Class A Marihuana Grower,High Bud,2024-05-19T00:00:00,Active,,35,CRA,Michigan Cannabis Regulatory Agency,MI,,,,,,,,,,,High Bud,,44.9167627,-84.9697727,Antrim County,5963 Scholl Rd,Mancelona,49659,2024-03-17T22:44:15.999310
AU-G-A-000137,Class A Marihuana Grower,The Noggin Shop,2025-03-16T00:00:00,Active,,36,CRA,Michigan Cannabis Regulatory Agency,MI,,,,,,,,,,,The Noggin Shop,,47.1748961,-88.4263205,Houghton County,52324 Duncan Ave,Hubbell,49934,2024-03-17T22:44:15.999310
AU-G-A-000134,Class A Marihuana Grower,GL Hydro Pharm LLC,2025-02-13T00:00:00,Active,,37,CRA,Michigan Cannabis Regulatory Agency,MI,,,,,,,,,,,GL Hydro Pharm LLC,,44.941384,-85.019193,Antrim County,6068 US-131,Mancelona,49659,2024-03-17T22:44:15.999310
AU-G-A-000136,Class A Marihuana Grower,World Selections,2025-02-10T00:00:00,Active,,38,CRA,Michigan Cannabis Regulatory Agency,MI,,,,,,,,,,,World Selections,,42.25499,-84.35609099999999,Jackson County,220 Watts Rd,Jackson,49203,2024-03-17T22:44:15.999310
AU-G-A-000132,Class A Marihuana Grower,"Spring Valley Growers, LLC",2024-10-27T00:00:00,Active,,39,CRA,Michigan Cannabis Regulatory Agency,MI,,,,,,,,,,,"Spring Valley Growers, LLC",,41.8844464,-84.5441484,Hillsdale County,Osseo,MI 49266,USA,2024-03-17T22:44:15.999310
AU-G-A-000131,Class A Marihuana Grower,"Aloft Process, Inc",2023-08-01T00:00:00,License Void,,40,CRA,Michigan Cannabis Regulatory Agency,MI,,,,,,,,,,,"Aloft Process, Inc",,41.8207409,-86.381188,Berrien County,317 Post Rd,Buchanan,49107,2024-03-17T22:44:15.999310
AU-G-A-000128,Class A Marihuana Grower,Urban Gardens,2025-02-19T00:00:00,Active,,41,CRA,Michigan Cannabis Regulatory Agency,MI,,,,,,,,,,,Urban Gardens,,42.2855202,-85.5748426,Kalamazoo County,617 Portage Street,Kalamazoo,49007,2024-03-17T22:44:15.999310
AU-G-A-000125,Class A Marihuana Grower,"Family Trees, LLC",2023-07-27T00:00:00,License Void,Social Equity,42,CRA,Michigan Cannabis Regulatory Agency,MI,,,,,,,,,,,"Family Trees, LLC",,42.2332735,-84.3154765,Jackson County,4975 Page Ave,Michigan Center,49254,2024-03-17T22:44:15.999310
AU-G-A-000121,Class A Marihuana Grower,"Smart Decisions, Inc.",2023-05-19T00:00:00,License Void,,43,CRA,Michigan Cannabis Regulatory Agency,MI,,,,,,,,,,,"Smart Decisions, Inc.",,42.236,-84.347758,Jackson County,1256 Falahee Rd,Jackson,49203,2024-03-17T22:44:15.999310
AU-G-A-000120,Class A Marihuana Grower,Source 906,2023-05-04T00:00:00,License Void,,44,CRA,Michigan Cannabis Regulatory Agency,MI,,,,,,,,,,,Source 906,,45.8366893,-88.05561399999999,Dickinson County,1500 N Stephenson Ave,Iron Mountain,49801,2024-03-17T22:44:15.999310
AU-G-A-000117,Class A Marihuana Grower,My Peaceable Kingdom LLC,2024-01-27T00:00:00,License Void,,45,CRA,Michigan Cannabis Regulatory Agency,MI,,,,,,,,,,,My Peaceable Kingdom LLC,,44.591837,-86.177582,Benzie County,2855 Paul Rose Rd,Frankfort,49635,2024-03-17T22:44:15.999310
AU-G-A-000115,Class A Marihuana Grower,"Epic Roots, LLC",2022-10-19T00:00:00,License Void,,46,CRA,Michigan Cannabis Regulatory Agency,MI,,,,,,,,,,,"Epic Roots, LLC",,42.4786922,-83.0817048,Macomb County,2103 Riggs Ave,Warren,48091,2024-03-17T22:44:15.999310
AU-G-A-000114,Class A Marihuana Grower,"Production Dr. Holdings, LLC",2024-08-30T00:00:00,Active,Public Documents Available,47,CRA,Michigan Cannabis Regulatory Agency,MI,,,,,,,,,,,"Production Dr. Holdings, LLC",,42.600824,-82.8542184,Macomb County,41525 Production Dr,Harrison Twp,48045,2024-03-17T22:44:15.999310
AU-G-A-000108,Class A Marihuana Grower,Exclusive Grand Rapids,2023-08-12T00:00:00,Active,Public Documents Available,48,CRA,Michigan Cannabis Regulatory Agency,MI,,,,,,,,,,,Exclusive Grand Rapids,,42.9091617,-85.60919,Kent County,2350 29th St SE,Wyoming,49508,2024-03-17T22:44:15.999310
AU-G-A-000107,Class A Marihuana Grower,Givingtrees,2022-03-23T00:00:00,License Void,,49,CRA,Michigan Cannabis Regulatory Agency,MI,,,,,,,,,,,Givingtrees,,42.4758753,-83.0952271,Oakland County,1008 E 10 Mile Rd,Hazel Park,48030,2024-03-17T22:44:15.999310
AU-G-A-000103,Class A Marihuana Grower,77 North Inc.,2022-02-18T00:00:00,License Void,,50,CRA,Michigan Cannabis Regulatory Agency,MI,,,,,,,,,,,77 North Inc.,,46.1167953,-85.9268531,Schoolcraft County,4404 M-77,Germfask,49836,2024-03-17T22:44:15.999310
AU-G-A-000143,Class A Marihuana Grower,Authentic 231,2024-11-17T00:00:00,Active,,51,CRA,Michigan Cannabis Regulatory Agency,MI,,,,,,,,,,,Authentic 231,,44.2582986,-86.3183681,Manistee County,74 Arthur St Bldg B,Manistee,49660,2024-03-17T22:44:15.999310
AU-G-A-000138,Class A Marihuana Grower,High Bud,2024-05-19T00:00:00,Active,,52,CRA,Michigan Cannabis Regulatory Agency,MI,,,,,,,,,,,High Bud,,44.9167627,-84.9697727,Antrim County,5963 Scholl Rd,Mancelona,49659,2024-03-17T22:44:15.999310
AU-G-A-000137,Class A Marihuana Grower,The Noggin Shop,2025-03-16T00:00:00,Active,,53,CRA,Michigan Cannabis Regulatory Agency,MI,,,,,,,,,,,The Noggin Shop,,47.1748961,-88.4263205,Houghton County,52324 Duncan Ave,Hubbell,49934,2024-03-17T22:44:15.999310
AU-G-A-000134,Class A Marihuana Grower,GL Hydro Pharm LLC,2025-02-13T00:00:00,Active,,54,CRA,Michigan Cannabis Regulatory Agency,MI,,,,,,,,,,,GL Hydro Pharm LLC,,44.941384,-85.019193,Antrim County,6068 US-131,Mancelona,49659,2024-03-17T22:44:15.999310
AU-G-A-000136,Class A Marihuana Grower,World Selections,2025-02-10T00:00:00,Active,,55,CRA,Michigan Cannabis Regulatory Agency,MI,,,,,,,,,,,World Selections,,42.25499,-84.35609099999999,Jackson County,220 Watts Rd,Jackson,49203,2024-03-17T22:44:15.999310
AU-G-A-000132,Class A Marihuana Grower,"Spring Valley Growers, LLC",2024-10-27T00:00:00,Active,,56,CRA,Michigan Cannabis Regulatory Agency,MI,,,,,,,,,,,"Spring Valley Growers, LLC",,41.8844464,-84.5441484,Hillsdale County,Osseo,MI 49266,USA,2024-03-17T22:44:15.999310
AU-G-A-000131,Class A Marihuana Grower,"Aloft Process, Inc",2023-08-01T00:00:00,License Void,,57,CRA,Michigan Cannabis Regulatory Agency,MI,,,,,,,,,,,"Aloft Process, Inc",,41.8207409,-86.381188,Berrien County,317 Post Rd,Buchanan,49107,2024-03-17T22:44:15.999310
AU-G-A-000128,Class A Marihuana Grower,Urban Gardens,2025-02-19T00:00:00,Active,,58,CRA,Michigan Cannabis Regulatory Agency,MI,,,,,,,,,,,Urban Gardens,,42.2855202,-85.5748426,Kalamazoo County,617 Portage Street,Kalamazoo,49007,2024-03-17T22:44:15.999310
AU-G-A-000125,Class A Marihuana Grower,"Family Trees, LLC",2023-07-27T00:00:00,License Void,Social Equity,59,CRA,Michigan Cannabis Regulatory Agency,MI,,,,,,,,,,,"Family Trees, LLC",,42.2332735,-84.3154765,Jackson County,4975 Page Ave,Michigan Center,49254,2024-03-17T22:44:15.999310
AU-G-A-000121,Class A Marihuana Grower,"Smart Decisions, Inc.",2023-05-19T00:00:00,License Void,,60,CRA,Michigan Cannabis Regulatory Agency,MI,,,,,,,,,,,"Smart Decisions, Inc.",,42.236,-84.347758,Jackson County,1256 Falahee Rd,Jackson,49203,2024-03-17T22:44:15.999310
AU-G-A-000120,Class A Marihuana Grower,Source 906,2023-05-04T00:00:00,License Void,,61,CRA,Michigan Cannabis Regulatory Agency,MI,,,,,,,,,,,Source 906,,45.8366893,-88.05561399999999,Dickinson County,1500 N Stephenson Ave,Iron Mountain,49801,2024-03-17T22:44:15.999310
AU-G-A-000117,Class A Marihuana Grower,My Peaceable Kingdom LLC,2024-01-27T00:00:00,License Void,,62,CRA,Michigan Cannabis Regulatory Agency,MI,,,,,,,,,,,My Peaceable Kingdom LLC,,44.591837,-86.177582,Benzie County,2855 Paul Rose Rd,Frankfort,49635,2024-03-17T22:44:15.999310
AU-G-A-000115,Class A Marihuana Grower,"Epic Roots, LLC",2022-10-19T00:00:00,License Void,,63,CRA,Michigan Cannabis Regulatory Agency,MI,,,,,,,,,,,"Epic Roots, LLC",,42.4786922,-83.0817048,Macomb County,2103 Riggs Ave,Warren,48091,2024-03-17T22:44:15.999310
AU-G-A-000114,Class A Marihuana Grower,"Production Dr. Holdings, LLC",2024-08-30T00:00:00,Active,Public Documents Available,64,CRA,Michigan Cannabis Regulatory Agency,MI,,,,,,,,,,,"Production Dr. Holdings, LLC",,42.600824,-82.8542184,Macomb County,41525 Production Dr,Harrison Twp,48045,2024-03-17T22:44:15.999310
AU-G-A-000108,Class A Marihuana Grower,Exclusive Grand Rapids,2023-08-12T00:00:00,Active,Public Documents Available,65,CRA,Michigan Cannabis Regulatory Agency,MI,,,,,,,,,,,Exclusive Grand Rapids,,42.9091617,-85.60919,Kent County,2350 29th St SE,Wyoming,49508,2024-03-17T22:44:15.999310
AU-G-A-000107,Class A Marihuana Grower,Givingtrees,2022-03-23T00:00:00,License Void,,66,CRA,Michigan Cannabis Regulatory Agency,MI,,,,,,,,,,,Givingtrees,,42.4758753,-83.0952271,Oakland County,1008 E 10 Mile Rd,Hazel Park,48030,2024-03-17T22:44:15.999310
AU-G-A-000103,Class A Marihuana Grower,77 North Inc.,2022-02-18T00:00:00,License Void,,67,CRA,Michigan Cannabis Regulatory Agency,MI,,,,,,,,,,,77 North Inc.,,46.1167953,-85.9268531,Schoolcraft County,4404 M-77,Germfask,49836,2024-03-17T22:44:15.999310
AU-G-A-000143,Class A Marihuana Grower,Authentic 231,2024-11-17T00:00:00,Active,,68,CRA,Michigan Cannabis Regulatory Agency,MI,,,,,,,,,,,Authentic 231,,44.2582986,-86.3183681,Manistee County,74 Arthur St Bldg B,Manistee,49660,2024-03-17T22:44:15.999310
AU-G-A-000138,Class A Marihuana Grower,High Bud,2024-05-19T00:00:00,Active,,69,CRA,Michigan Cannabis Regulatory Agency,MI,,,,,,,,,,,High Bud,,44.9167627,-84.9697727,Antrim County,5963 Scholl Rd,Mancelona,49659,2024-03-17T22:44:15.999310
AU-G-A-000137,Class A Marihuana Grower,The Noggin Shop,2025-03-16T00:00:00,Active,,70,CRA,Michigan Cannabis Regulatory Agency,MI,,,,,,,,,,,The Noggin Shop,,47.1748961,-88.4263205,Houghton County,52324 Duncan Ave,Hubbell,49934,2024-03-17T22:44:15.999310
AU-G-A-000134,Class A Marihuana Grower,GL Hydro Pharm LLC,2025-02-13T00:00:00,Active,,71,CRA,Michigan Cannabis Regulatory Agency,MI,,,,,,,,,,,GL Hydro Pharm LLC,,44.941384,-85.019193,Antrim County,6068 US-131,Mancelona,49659,2024-03-17T22:44:15.999310
AU-G-A-000136,Class A Marihuana Grower,World Selections,2025-02-10T00:00:00,Active,,72,CRA,Michigan Cannabis Regulatory Agency,MI,,,,,,,,,,,World Selections,,42.25499,-84.35609099999999,Jackson County,220 Watts Rd,Jackson,49203,2024-03-17T22:44:15.999310
AU-G-A-000132,Class A Marihuana Grower,"Spring Valley Growers, LLC",2024-10-27T00:00:00,Active,,73,CRA,Michigan Cannabis Regulatory Agency,MI,,,,,,,,,,,"Spring Valley Growers, LLC",,41.8844464,-84.5441484,Hillsdale County,Osseo,MI 49266,USA,2024-03-17T22:44:15.999310
AU-G-A-000131,Class A Marihuana Grower,"Aloft Process, Inc",2023-08-01T00:00:00,License Void,,74,CRA,Michigan Cannabis Regulatory Agency,MI,,,,,,,,,,,"Aloft Process, Inc",,41.8207409,-86.381188,Berrien County,317 Post Rd,Buchanan,49107,2024-03-17T22:44:15.999310
AU-G-A-000128,Class A Marihuana Grower,Urban Gardens,2025-02-19T00:00:00,Active,,75,CRA,Michigan Cannabis Regulatory Agency,MI,,,,,,,,,,,Urban Gardens,,42.2855202,-85.5748426,Kalamazoo County,617 Portage Street,Kalamazoo,49007,2024-03-17T22:44:15.999310
AU-G-A-000125,Class A Marihuana Grower,"Family Trees, LLC",2023-07-27T00:00:00,License Void,Social Equity,76,CRA,Michigan Cannabis Regulatory Agency,MI,,,,,,,,,,,"Family Trees, LLC",,42.2332735,-84.3154765,Jackson County,4975 Page Ave,Michigan Center,49254,2024-03-17T22:44:15.999310
AU-G-A-000121,Class A Marihuana Grower,"Smart Decisions, Inc.",2023-05-19T00:00:00,License Void,,77,CRA,Michigan Cannabis Regulatory Agency,MI,,,,,,,,,,,"Smart Decisions, Inc.",,42.236,-84.347758,Jackson County,1256 Falahee Rd,Jackson,49203,2024-03-17T22:44:15.999310
AU-G-A-000120,Class A Marihuana Grower,Source 906,2023-05-04T00:00:00,License Void,,78,CRA,Michigan Cannabis Regulatory Agency,MI,,,,,,,,,,,Source 906,,45.8366893,-88.05561399999999,Dickinson County,1500 N Stephenson Ave,Iron Mountain,49801,2024-03-17T22:44:15.999310
AU-G-A-000117,Class A Marihuana Grower,My Peaceable Kingdom LLC,2024-01-27T00:00:00,License Void,,79,CRA,Michigan Cannabis Regulatory Agency,MI,,,,,,,,,,,My Peaceable Kingdom LLC,,44.591837,-86.177582,Benzie County,2855 Paul Rose Rd,Frankfort,49635,2024-03-17T22:44:15.999310
AU-G-A-000115,Class A Marihuana Grower,"Epic Roots, LLC",2022-10-19T00:00:00,License Void,,80,CRA,Michigan Cannabis Regulatory Agency,MI,,,,,,,,,,,"Epic Roots, LLC",,42.4786922,-83.0817048,Macomb County,2103 Riggs Ave,Warren,48091,2024-03-17T22:44:15.999310
AU-G-A-000114,Class A Marihuana Grower,"Production Dr. Holdings, LLC",2024-08-30T00:00:00,Active,Public Documents Available,81,CRA,Michigan Cannabis Regulatory Agency,MI,,,,,,,,,,,"Production Dr. Holdings, LLC",,42.600824,-82.8542184,Macomb County,41525 Production Dr,Harrison Twp,48045,2024-03-17T22:44:15.999310
AU-G-A-000108,Class A Marihuana Grower,Exclusive Grand Rapids,2023-08-12T00:00:00,Active,Public Documents Available,82,CRA,Michigan Cannabis Regulatory Agency,MI,,,,,,,,,,,Exclusive Grand Rapids,,42.9091617,-85.60919,Kent County,2350 29th St SE,Wyoming,49508,2024-03-17T22:44:15.999310
AU-G-A-000107,Class A Marihuana Grower,Givingtrees,2022-03-23T00:00:00,License Void,,83,CRA,Michigan Cannabis Regulatory Agency,MI,,,,,,,,,,,Givingtrees,,42.4758753,-83.0952271,Oakland County,1008 E 10 Mile Rd,Hazel Park,48030,2024-03-17T22:44:15.999310
AU-G-A-000103,Class A Marihuana Grower,77 North Inc.,2022-02-18T00:00:00,License Void,,84,CRA,Michigan Cannabis Regulatory Agency,MI,,,,,,,,,,,77 North Inc.,,46.1167953,-85.9268531,Schoolcraft County,4404 M-77,Germfask,49836,2024-03-17T22:44:15.999310
AU-G-A-000143,Class A Marihuana Grower,Authentic 231,2024-11-17T00:00:00,Active,,85,CRA,Michigan Cannabis Regulatory Agency,MI,,,,,,,,,,,Authentic 231,,44.2582986,-86.3183681,Manistee County,74 Arthur St Bldg B,Manistee,49660,2024-03-17T22:44:15.999310
AU-G-A-000138,Class A Marihuana Grower,High Bud,2024-05-19T00:00:00,Active,,86,CRA,Michigan Cannabis Regulatory Agency,MI,,,,,,,,,,,High Bud,,44.9167627,-84.9697727,Antrim County,5963 Scholl Rd,Mancelona,49659,2024-03-17T22:44:15.999310
AU-G-A-000137,Class A Marihuana Grower,The Noggin Shop,2025-03-16T00:00:00,Active,,87,CRA,Michigan Cannabis Regulatory Agency,MI,,,,,,,,,,,The Noggin Shop,,47.1748961,-88.4263205,Houghton County,52324 Duncan Ave,Hubbell,49934,2024-03-17T22:44:15.999310
AU-G-A-000134,Class A Marihuana Grower,GL Hydro Pharm LLC,2025-02-13T00:00:00,Active,,88,CRA,Michigan Cannabis Regulatory Agency,MI,,,,,,,,,,,GL Hydro Pharm LLC,,44.941384,-85.019193,Antrim County,6068 US-131,Mancelona,49659,2024-03-17T22:44:15.999310
AU-G-A-000136,Class A Marihuana Grower,World Selections,2025-02-10T00:00:00,Active,,89,CRA,Michigan Cannabis Regulatory Agency,MI,,,,,,,,,,,World Selections,,42.25499,-84.35609099999999,Jackson County,220 Watts Rd,Jackson,49203,2024-03-17T22:44:15.999310
AU-G-A-000132,Class A Marihuana Grower,"Spring Valley Growers, LLC",2024-10-27T00:00:00,Active,,90,CRA,Michigan Cannabis Regulatory Agency,MI,,,,,,,,,,,"Spring Valley Growers, LLC",,41.8844464,-84.5441484,Hillsdale County,Osseo,MI 49266,USA,2024-03-17T22:44:15.999310
AU-G-A-000131,Class A Marihuana Grower,"Aloft Process, Inc",2023-08-01T00:00:00,License Void,,91,CRA,Michigan Cannabis Regulatory Agency,MI,,,,,,,,,,,"Aloft Process, Inc",,41.8207409,-86.381188,Berrien County,317 Post Rd,Buchanan,49107,2024-03-17T22:44:15.999310
AU-G-A-000128,Class A Marihuana Grower,Urban Gardens,2025-02-19T00:00:00,Active,,92,CRA,Michigan Cannabis Regulatory Agency,MI,,,,,,,,,,,Urban Gardens,,42.2855202,-85.5748426,Kalamazoo County,617 Portage Street,Kalamazoo,49007,2024-03-17T22:44:15.999310
AU-G-A-000125,Class A Marihuana Grower,"Family Trees, LLC",2023-07-27T00:00:00,License Void,Social Equity,93,CRA,Michigan Cannabis Regulatory Agency,MI,,,,,,,,,,,"Family Trees, LLC",,42.2332735,-84.3154765,Jackson County,4975 Page Ave,Michigan Center,49254,2024-03-17T22:44:15.999310
AU-G-A-000121,Class A Marihuana Grower,"Smart Decisions, Inc.",2023-05-19T00:00:00,License Void,,94,CRA,Michigan Cannabis Regulatory Agency,MI,,,,,,,,,,,"Smart Decisions, Inc.",,42.236,-84.347758,Jackson County,1256 Falahee Rd,Jackson,49203,2024-03-17T22:44:15.999310
AU-G-A-000120,Class A Marihuana Grower,Source 906,2023-05-04T00:00:00,License Void,,95,CRA,Michigan Cannabis Regulatory Agency,MI,,,,,,,,,,,Source 906,,45.8366893,-88.05561399999999,Dickinson County,1500 N Stephenson Ave,Iron Mountain,49801,2024-03-17T22:44:15.999310
AU-G-A-000117,Class A Marihuana Grower,My Peaceable Kingdom LLC,2024-01-27T00:00:00,License Void,,96,CRA,Michigan Cannabis Regulatory Agency,MI,,,,,,,,,,,My Peaceable Kingdom LLC,,44.591837,-86.177582,Benzie County,2855 Paul Rose Rd,Frankfort,49635,2024-03-17T22:44:15.999310
AU-G-A-000115,Class A Marihuana Grower,"Epic Roots, LLC",2022-10-19T00:00:00,License Void,,97,CRA,Michigan Cannabis Regulatory Agency,MI,,,,,,,,,,,"Epic Roots, LLC",,42.4786922,-83.0817048,Macomb County,2103 Riggs Ave,Warren,48091,2024-03-17T22:44:15.999310
AU-G-A-000114,Class A Marihuana Grower,"Production Dr. Holdings, LLC",2024-08-30T00:00:00,Active,Public Documents Available,98,CRA,Michigan Cannabis Regulatory Agency,MI,,,,,,,,,,,"Production Dr. Holdings, LLC",,42.600824,-82.8542184,Macomb County,41525 Production Dr,Harrison Twp,48045,2024-03-17T22:44:15.999310
AU-G-A-000108,Class A Marihuana Grower,Exclusive Grand Rapids,2023-08-12T00:00:00,Active,Public Documents Available,99,CRA,Michigan Cannabis Regulatory Agency,MI,,,,,,,,,,,Exclusive Grand Rapids,,42.9091617,-85.60919,Kent County,2350 29th St SE,Wyoming,49508,2024-03-17T22:44:15.999310
AU-G-A-000107,Class A Marihuana Grower,Givingtrees,2022-03-23T00:00:00,License Void,,100,CRA,Michigan Cannabis Regulatory Agency,MI,,,,,,,,,,,Givingtrees,,42.4758753,-83.0952271,Oakland County,1008 E 10 Mile Rd,Hazel Park,48030,2024-03-17T22:44:15.999310
AU-G-A-000103,Class A Marihuana Grower,77 North Inc.,2022-02-18T00:00:00,License Void,,101,CRA,Michigan Cannabis Regulatory Agency,MI,,,,,,,,,,,77 North Inc.,,46.1167953,-85.9268531,Schoolcraft County,4404 M-77,Germfask,49836,2024-03-17T22:44:15.999310
AU-G-A-000143,Class A Marihuana Grower,Authentic 231,2024-11-17T00:00:00,Active,,102,CRA,Michigan Cannabis Regulatory Agency,MI,,,,,,,,,,,Authentic 231,,44.2582986,-86.3183681,Manistee County,74 Arthur St Bldg B,Manistee,49660,2024-03-17T22:44:15.999310
AU-G-A-000138,Class A Marihuana Grower,High Bud,2024-05-19T00:00:00,Active,,103,CRA,Michigan Cannabis Regulatory Agency,MI,,,,,,,,,,,High Bud,,44.9167627,-84.9697727,Antrim County,5963 Scholl Rd,Mancelona,49659,2024-03-17T22:44:15.999310
AU-G-A-000137,Class A Marihuana Grower,The Noggin Shop,2025-03-16T00:00:00,Active,,104,CRA,Michigan Cannabis Regulatory Agency,MI,,,,,,,,,,,The Noggin Shop,,47.1748961,-88.4263205,Houghton County,52324 Duncan Ave,Hubbell,49934,2024-03-17T22:44:15.999310
AU-G-A-000134,Class A Marihuana Grower,GL Hydro Pharm LLC,2025-02-13T00:00:00,Active,,105,CRA,Michigan Cannabis Regulatory Agency,MI,,,,,,,,,,,GL Hydro Pharm LLC,,44.941384,-85.019193,Antrim County,6068 US-131,Mancelona,49659,2024-03-17T22:44:15.999310
AU-G-A-000136,Class A Marihuana Grower,World Selections,2025-02-10T00:00:00,Active,,106,CRA,Michigan Cannabis Regulatory Agency,MI,,,,,,,,,,,World Selections,,42.25499,-84.35609099999999,Jackson County,220 Watts Rd,Jackson,49203,2024-03-17T22:44:15.999310
AU-G-A-000132,Class A Marihuana Grower,"Spring Valley Growers, LLC",2024-10-27T00:00:00,Active,,107,CRA,Michigan Cannabis Regulatory Agency,MI,,,,,,,,,,,"Spring Valley Growers, LLC",,41.8844464,-84.5441484,Hillsdale County,Osseo,MI 49266,USA,2024-03-17T22:44:15.999310
AU-G-A-000131,Class A Marihuana Grower,"Aloft Process, Inc",2023-08-01T00:00:00,License Void,,108,CRA,Michigan Cannabis Regulatory Agency,MI,,,,,,,,,,,"Aloft Process, Inc",,41.8207409,-86.381188,Berrien County,317 Post Rd,Buchanan,49107,2024-03-17T22:44:15.999310
AU-G-A-000128,Class A Marihuana Grower,Urban Gardens,2025-02-19T00:00:00,Active,,109,CRA,Michigan Cannabis Regulatory Agency,MI,,,,,,,,,,,Urban Gardens,,42.2855202,-85.5748426,Kalamazoo County,617 Portage Street,Kalamazoo,49007,2024-03-17T22:44:15.999310
AU-G-A-000125,Class A Marihuana Grower,"Family Trees, LLC",2023-07-27T00:00:00,License Void,Social Equity,110,CRA,Michigan Cannabis Regulatory Agency,MI,,,,,,,,,,,"Family Trees, LLC",,42.2332735,-84.3154765,Jackson County,4975 Page Ave,Michigan Center,49254,2024-03-17T22:44:15.999310
AU-G-A-000121,Class A Marihuana Grower,"Smart Decisions, Inc.",2023-05-19T00:00:00,License Void,,111,CRA,Michigan Cannabis Regulatory Agency,MI,,,,,,,,,,,"Smart Decisions, Inc.",,42.236,-84.347758,Jackson County,1256 Falahee Rd,Jackson,49203,2024-03-17T22:44:15.999310
AU-G-A-000120,Class A Marihuana Grower,Source 906,2023-05-04T00:00:00,License Void,,112,CRA,Michigan Cannabis Regulatory Agency,MI,,,,,,,,,,,Source 906,,45.8366893,-88.05561399999999,Dickinson County,1500 N Stephenson Ave,Iron Mountain,49801,2024-03-17T22:44:15.999310
AU-G-A-000117,Class A Marihuana Grower,My Peaceable Kingdom LLC,2024-01-27T00:00:00,License Void,,113,CRA,Michigan Cannabis Regulatory Agency,MI,,,,,,,,,,,My Peaceable Kingdom LLC,,44.591837,-86.177582,Benzie County,2855 Paul Rose Rd,Frankfort,49635,2024-03-17T22:44:15.999310
AU-G-A-000115,Class A Marihuana Grower,"Epic Roots, LLC",2022-10-19T00:00:00,License Void,,114,CRA,Michigan Cannabis Regulatory Agency,MI,,,,,,,,,,,"Epic Roots, LLC",,42.4786922,-83.0817048,Macomb County,2103 Riggs Ave,Warren,48091,2024-03-17T22:44:15.999310
AU-G-A-000114,Class A Marihuana Grower,"Production Dr. Holdings, LLC",2024-08-30T00:00:00,Active,Public Documents Available,115,CRA,Michigan Cannabis Regulatory Agency,MI,,,,,,,,,,,"Production Dr. Holdings, LLC",,42.600824,-82.8542184,Macomb County,41525 Production Dr,Harrison Twp,48045,2024-03-17T22:44:15.999310
AU-G-A-000108,Class A Marihuana Grower,Exclusive Grand Rapids,2023-08-12T00:00:00,Active,Public Documents Available,116,CRA,Michigan Cannabis Regulatory Agency,MI,,,,,,,,,,,Exclusive Grand Rapids,,42.9091617,-85.60919,Kent County,2350 29th St SE,Wyoming,49508,2024-03-17T22:44:15.999310
AU-G-A-000107,Class A Marihuana Grower,Givingtrees,2022-03-23T00:00:00,License Void,,117,CRA,Michigan Cannabis Regulatory Agency,MI,,,,,,,,,,,Givingtrees,,42.4758753,-83.0952271,Oakland County,1008 E 10 Mile Rd,Hazel Park,48030,2024-03-17T22:44:15.999310
AU-G-A-000103,Class A Marihuana Grower,77 North Inc.,2022-02-18T00:00:00,License Void,,118,CRA,Michigan Cannabis Regulatory Agency,MI,,,,,,,,,,,77 North Inc.,,46.1167953,-85.9268531,Schoolcraft County,4404 M-77,Germfask,49836,2024-03-17T22:44:15.999310
AU-G-A-000143,Class A Marihuana Grower,Authentic 231,2024-11-17T00:00:00,Active,,119,CRA,Michigan Cannabis Regulatory Agency,MI,,,,,,,,,,,Authentic 231,,44.2582986,-86.3183681,Manistee County,74 Arthur St Bldg B,Manistee,49660,2024-03-17T22:44:15.999310
AU-G-A-000138,Class A Marihuana Grower,High Bud,2024-05-19T00:00:00,Active,,120,CRA,Michigan Cannabis Regulatory Agency,MI,,,,,,,,,,,High Bud,,44.9167627,-84.9697727,Antrim County,5963 Scholl Rd,Mancelona,49659,2024-03-17T22:44:15.999310
AU-G-A-000137,Class A Marihuana Grower,The Noggin Shop,2025-03-16T00:00:00,Active,,121,CRA,Michigan Cannabis Regulatory Agency,MI,,,,,,,,,,,The Noggin Shop,,47.1748961,-88.4263205,Houghton County,52324 Duncan Ave,Hubbell,49934,2024-03-17T22:44:15.999310
AU-G-A-000134,Class A Marihuana Grower,GL Hydro Pharm LLC,2025-02-13T00:00:00,Active,,122,CRA,Michigan Cannabis Regulatory Agency,MI,,,,,,,,,,,GL Hydro Pharm LLC,,44.941384,-85.019193,Antrim County,6068 US-131,Mancelona,49659,2024-03-17T22:44:15.999310
AU-G-A-000136,Class A Marihuana Grower,World Selections,2025-02-10T00:00:00,Active,,123,CRA,Michigan Cannabis Regulatory Agency,MI,,,,,,,,,,,World Selections,,42.25499,-84.35609099999999,Jackson County,220 Watts Rd,Jackson,49203,2024-03-17T22:44:15.999310
AU-G-A-000132,Class A Marihuana Grower,"Spring Valley Growers, LLC",2024-10-27T00:00:00,Active,,124,CRA,Michigan Cannabis Regulatory Agency,MI,,,,,,,,,,,"Spring Valley Growers, LLC",,41.8844464,-84.5441484,Hillsdale County,Osseo,MI 49266,USA,2024-03-17T22:44:15.999310
AU-G-A-000131,Class A Marihuana Grower,"Aloft Process, Inc",2023-08-01T00:00:00,License Void,,125,CRA,Michigan Cannabis Regulatory Agency,MI,,,,,,,,,,,"Aloft Process, Inc",,41.8207409,-86.381188,Berrien County,317 Post Rd,Buchanan,49107,2024-03-17T22:44:15.999310
AU-G-A-000128,Class A Marihuana Grower,Urban Gardens,2025-02-19T00:00:00,Active,,126,CRA,Michigan Cannabis Regulatory Agency,MI,,,,,,,,,,,Urban Gardens,,42.2855202,-85.5748426,Kalamazoo County,617 Portage Street,Kalamazoo,49007,2024-03-17T22:44:15.999310
AU-G-A-000125,Class A Marihuana Grower,"Family Trees, LLC",2023-07-27T00:00:00,License Void,Social Equity,127,CRA,Michigan Cannabis Regulatory Agency,MI,,,,,,,,,,,"Family Trees, LLC",,42.2332735,-84.3154765,Jackson County,4975 Page Ave,Michigan Center,49254,2024-03-17T22:44:15.999310
AU-G-A-000121,Class A Marihuana Grower,"Smart Decisions, Inc.",2023-05-19T00:00:00,License Void,,128,CRA,Michigan Cannabis Regulatory Agency,MI,,,,,,,,,,,"Smart Decisions, Inc.",,42.236,-84.347758,Jackson County,1256 Falahee Rd,Jackson,49203,2024-03-17T22:44:15.999310
AU-G-A-000120,Class A Marihuana Grower,Source 906,2023-05-04T00:00:00,License Void,,129,CRA,Michigan Cannabis Regulatory Agency,MI,,,,,,,,,,,Source 906,,45.8366893,-88.05561399999999,Dickinson County,1500 N Stephenson Ave,Iron Mountain,49801,2024-03-17T22:44:15.999310
AU-G-A-000117,Class A Marihuana Grower,My Peaceable Kingdom LLC,2024-01-27T00:00:00,License Void,,130,CRA,Michigan Cannabis Regulatory Agency,MI,,,,,,,,,,,My Peaceable Kingdom LLC,,44.591837,-86.177582,Benzie County,2855 Paul Rose Rd,Frankfort,49635,2024-03-17T22:44:15.999310
AU-G-A-000115,Class A Marihuana Grower,"Epic Roots, LLC",2022-10-19T00:00:00,License Void,,131,CRA,Michigan Cannabis Regulatory Agency,MI,,,,,,,,,,,"Epic Roots, LLC",,42.4786922,-83.0817048,Macomb County,2103 Riggs Ave,Warren,48091,2024-03-17T22:44:15.999310
AU-G-A-000114,Class A Marihuana Grower,"Production Dr. Holdings, LLC",2024-08-30T00:00:00,Active,Public Documents Available,132,CRA,Michigan Cannabis Regulatory Agency,MI,,,,,,,,,,,"Production Dr. Holdings, LLC",,42.600824,-82.8542184,Macomb County,41525 Production Dr,Harrison Twp,48045,2024-03-17T22:44:15.999310
AU-G-A-000108,Class A Marihuana Grower,Exclusive Grand Rapids,2023-08-12T00:00:00,Active,Public Documents Available,133,CRA,Michigan Cannabis Regulatory Agency,MI,,,,,,,,,,,Exclusive Grand Rapids,,42.9091617,-85.60919,Kent County,2350 29th St SE,Wyoming,49508,2024-03-17T22:44:15.999310
AU-G-A-000107,Class A Marihuana Grower,Givingtrees,2022-03-23T00:00:00,License Void,,134,CRA,Michigan Cannabis Regulatory Agency,MI,,,,,,,,,,,Givingtrees,,42.4758753,-83.0952271,Oakland County,1008 E 10 Mile Rd,Hazel Park,48030,2024-03-17T22:44:15.999310
AU-G-A-000103,Class A Marihuana Grower,77 North Inc.,2022-02-18T00:00:00,License Void,,135,CRA,Michigan Cannabis Regulatory Agency,MI,,,,,,,,,,,77 North Inc.,,46.1167953,-85.9268531,Schoolcraft County,4404 M-77,Germfask,49836,2024-03-17T22:44:15.999310
AU-G-A-000143,Class A Marihuana Grower,Authentic 231,2024-11-17T00:00:00,Active,,136,CRA,Michigan Cannabis Regulatory Agency,MI,,,,,,,,,,,Authentic 231,,44.2582986,-86.3183681,Manistee County,74 Arthur St Bldg B,Manistee,49660,2024-03-17T22:44:15.999310
AU-G-A-000138,Class A Marihuana Grower,High Bud,2024-05-19T00:00:00,Active,,137,CRA,Michigan Cannabis Regulatory Agency,MI,,,,,,,,,,,High Bud,,44.9167627,-84.9697727,Antrim County,5963 Scholl Rd,Mancelona,49659,2024-03-17T22:44:15.999310
AU-G-A-000137,Class A Marihuana Grower,The Noggin Shop,2025-03-16T00:00:00,Active,,138,CRA,Michigan Cannabis Regulatory Agency,MI,,,,,,,,,,,The Noggin Shop,,47.1748961,-88.4263205,Houghton County,52324 Duncan Ave,Hubbell,49934,2024-03-17T22:44:15.999310
AU-G-A-000134,Class A Marihuana Grower,GL Hydro Pharm LLC,2025-02-13T00:00:00,Active,,139,CRA,Michigan Cannabis Regulatory Agency,MI,,,,,,,,,,,GL Hydro Pharm LLC,,44.941384,-85.019193,Antrim County,6068 US-131,Mancelona,49659,2024-03-17T22:44:15.999310
AU-G-A-000136,Class A Marihuana Grower,World Selections,2025-02-10T00:00:00,Active,,140,CRA,Michigan Cannabis Regulatory Agency,MI,,,,,,,,,,,World Selections,,42.25499,-84.35609099999999,Jackson County,220 Watts Rd,Jackson,49203,2024-03-17T22:44:15.999310
AU-G-A-000132,Class A Marihuana Grower,"Spring Valley Growers, LLC",2024-10-27T00:00:00,Active,,141,CRA,Michigan Cannabis Regulatory Agency,MI,,,,,,,,,,,"Spring Valley Growers, LLC",,41.8844464,-84.5441484,Hillsdale County,Osseo,MI 49266,USA,2024-03-17T22:44:15.999310
AU-G-A-000131,Class A Marihuana Grower,"Aloft Process, Inc",2023-08-01T00:00:00,License Void,,142,CRA,Michigan Cannabis Regulatory Agency,MI,,,,,,,,,,,"Aloft Process, Inc",,41.8207409,-86.381188,Berrien County,317 Post Rd,Buchanan,49107,2024-03-17T22:44:15.999310
AU-G-A-000128,Class A Marihuana Grower,Urban Gardens,2025-02-19T00:00:00,Active,,143,CRA,Michigan Cannabis Regulatory Agency,MI,,,,,,,,,,,Urban Gardens,,42.2855202,-85.5748426,Kalamazoo County,617 Portage Street,Kalamazoo,49007,2024-03-17T22:44:15.999310
AU-G-A-000125,Class A Marihuana Grower,"Family Trees, LLC",2023-07-27T00:00:00,License Void,Social Equity,144,CRA,Michigan Cannabis Regulatory Agency,MI,,,,,,,,,,,"Family Trees, LLC",,42.2332735,-84.3154765,Jackson County,4975 Page Ave,Michigan Center,49254,2024-03-17T22:44:15.999310
AU-G-A-000121,Class A Marihuana Grower,"Smart Decisions, Inc.",2023-05-19T00:00:00,License Void,,145,CRA,Michigan Cannabis Regulatory Agency,MI,,,,,,,,,,,"Smart Decisions, Inc.",,42.236,-84.347758,Jackson County,1256 Falahee Rd,Jackson,49203,2024-03-17T22:44:15.999310
AU-G-A-000120,Class A Marihuana Grower,Source 906,2023-05-04T00:00:00,License Void,,146,CRA,Michigan Cannabis Regulatory Agency,MI,,,,,,,,,,,Source 906,,45.8366893,-88.05561399999999,Dickinson County,1500 N Stephenson Ave,Iron Mountain,49801,2024-03-17T22:44:15.999310
AU-G-A-000117,Class A Marihuana Grower,My Peaceable Kingdom LLC,2024-01-27T00:00:00,License Void,,147,CRA,Michigan Cannabis Regulatory Agency,MI,,,,,,,,,,,My Peaceable Kingdom LLC,,44.591837,-86.177582,Benzie County,2855 Paul Rose Rd,Frankfort,49635,2024-03-17T22:44:15.999310
AU-G-A-000115,Class A Marihuana Grower,"Epic Roots, LLC",2022-10-19T00:00:00,License Void,,148,CRA,Michigan Cannabis Regulatory Agency,MI,,,,,,,,,,,"Epic Roots, LLC",,42.4786922,-83.0817048,Macomb County,2103 Riggs Ave,Warren,48091,2024-03-17T22:44:15.999310
AU-G-A-000114,Class A Marihuana Grower,"Production Dr. Holdings, LLC",2024-08-30T00:00:00,Active,Public Documents Available,149,CRA,Michigan Cannabis Regulatory Agency,MI,,,,,,,,,,,"Production Dr. Holdings, LLC",,42.600824,-82.8542184,Macomb County,41525 Production Dr,Harrison Twp,48045,2024-03-17T22:44:15.999310
AU-G-A-000108,Class A Marihuana Grower,Exclusive Grand Rapids,2023-08-12T00:00:00,Active,Public Documents Available,150,CRA,Michigan Cannabis Regulatory Agency,MI,,,,,,,,,,,Exclusive Grand Rapids,,42.9091617,-85.60919,Kent County,2350 29th St SE,Wyoming,49508,2024-03-17T22:44:15.999310
AU-G-A-000107,Class A Marihuana Grower,Givingtrees,2022-03-23T00:00:00,License Void,,151,CRA,Michigan Cannabis Regulatory Agency,MI,,,,,,,,,,,Givingtrees,,42.4758753,-83.0952271,Oakland County,1008 E 10 Mile Rd,Hazel Park,48030,2024-03-17T22:44:15.999310
AU-G-A-000103,Class A Marihuana Grower,77 North Inc.,2022-02-18T00:00:00,License Void,,152,CRA,Michigan Cannabis Regulatory Agency,MI,,,,,,,,,,,77 North Inc.,,46.1167953,-85.9268531,Schoolcraft County,4404 M-77,Germfask,49836,2024-03-17T22:44:15.999310
AU-G-A-000143,Class A Marihuana Grower,Authentic 231,2024-11-17T00:00:00,Active,,153,CRA,Michigan Cannabis Regulatory Agency,MI,,,,,,,,,,,Authentic 231,,44.2582986,-86.3183681,Manistee County,74 Arthur St Bldg B,Manistee,49660,2024-03-17T22:44:15.999310
AU-G-A-000138,Class A Marihuana Grower,High Bud,2024-05-19T00:00:00,Active,,154,CRA,Michigan Cannabis Regulatory Agency,MI,,,,,,,,,,,High Bud,,44.9167627,-84.9697727,Antrim County,5963 Scholl Rd,Mancelona,49659,2024-03-17T22:44:15.999310
AU-G-A-000137,Class A Marihuana Grower,The Noggin Shop,2025-03-16T00:00:00,Active,,155,CRA,Michigan Cannabis Regulatory Agency,MI,,,,,,,,,,,The Noggin Shop,,47.1748961,-88.4263205,Houghton County,52324 Duncan Ave,Hubbell,49934,2024-03-17T22:44:15.999310
AU-G-A-000134,Class A Marihuana Grower,GL Hydro Pharm LLC,2025-02-13T00:00:00,Active,,156,CRA,Michigan Cannabis Regulatory Agency,MI,,,,,,,,,,,GL Hydro Pharm LLC,,44.941384,-85.019193,Antrim County,6068 US-131,Mancelona,49659,2024-03-17T22:44:15.999310
AU-G-A-000136,Class A Marihuana Grower,World Selections,2025-02-10T00:00:00,Active,,157,CRA,Michigan Cannabis Regulatory Agency,MI,,,,,,,,,,,World Selections,,42.25499,-84.35609099999999,Jackson County,220 Watts Rd,Jackson,49203,2024-03-17T22:44:15.999310
AU-G-A-000132,Class A Marihuana Grower,"Spring Valley Growers, LLC",2024-10-27T00:00:00,Active,,158,CRA,Michigan Cannabis Regulatory Agency,MI,,,,,,,,,,,"Spring Valley Growers, LLC",,41.8844464,-84.5441484,Hillsdale County,Osseo,MI 49266,USA,2024-03-17T22:44:15.999310
AU-G-A-000131,Class A Marihuana Grower,"Aloft Process, Inc",2023-08-01T00:00:00,License Void,,159,CRA,Michigan Cannabis Regulatory Agency,MI,,,,,,,,,,,"Aloft Process, Inc",,41.8207409,-86.381188,Berrien County,317 Post Rd,Buchanan,49107,2024-03-17T22:44:15.999310
AU-G-A-000128,Class A Marihuana Grower,Urban Gardens,2025-02-19T00:00:00,Active,,160,CRA,Michigan Cannabis Regulatory Agency,MI,,,,,,,,,,,Urban Gardens,,42.2855202,-85.5748426,Kalamazoo County,617 Portage Street,Kalamazoo,49007,2024-03-17T22:44:15.999310
AU-G-A-000125,Class A Marihuana Grower,"Family Trees, LLC",2023-07-27T00:00:00,License Void,Social Equity,161,CRA,Michigan Cannabis Regulatory Agency,MI,,,,,,,,,,,"Family Trees, LLC",,42.2332735,-84.3154765,Jackson County,4975 Page Ave,Michigan Center,49254,2024-03-17T22:44:15.999310
AU-G-A-000121,Class A Marihuana Grower,"Smart Decisions, Inc.",2023-05-19T00:00:00,License Void,,162,CRA,Michigan Cannabis Regulatory Agency,MI,,,,,,,,,,,"Smart Decisions, Inc.",,42.236,-84.347758,Jackson County,1256 Falahee Rd,Jackson,49203,2024-03-17T22:44:15.999310
AU-G-A-000120,Class A Marihuana Grower,Source 906,2023-05-04T00:00:00,License Void,,163,CRA,Michigan Cannabis Regulatory Agency,MI,,,,,,,,,,,Source 906,,45.8366893,-88.05561399999999,Dickinson County,1500 N Stephenson Ave,Iron Mountain,49801,2024-03-17T22:44:15.999310
AU-G-A-000117,Class A Marihuana Grower,My Peaceable Kingdom LLC,2024-01-27T00:00:00,License Void,,164,CRA,Michigan Cannabis Regulatory Agency,MI,,,,,,,,,,,My Peaceable Kingdom LLC,,44.591837,-86.177582,Benzie County,2855 Paul Rose Rd,Frankfort,49635,2024-03-17T22:44:15.999310
AU-G-A-000115,Class A Marihuana Grower,"Epic Roots, LLC",2022-10-19T00:00:00,License Void,,165,CRA,Michigan Cannabis Regulatory Agency,MI,,,,,,,,,,,"Epic Roots, LLC",,42.4786922,-83.0817048,Macomb County,2103 Riggs Ave,Warren,48091,2024-03-17T22:44:15.999310
AU-G-A-000114,Class A Marihuana Grower,"Production Dr. Holdings, LLC",2024-08-30T00:00:00,Active,Public Documents Available,166,CRA,Michigan Cannabis Regulatory Agency,MI,,,,,,,,,,,"Production Dr. Holdings, LLC",,42.600824,-82.8542184,Macomb County,41525 Production Dr,Harrison Twp,48045,2024-03-17T22:44:15.999310
AU-G-A-000108,Class A Marihuana Grower,Exclusive Grand Rapids,2023-08-12T00:00:00,Active,Public Documents Available,167,CRA,Michigan Cannabis Regulatory Agency,MI,,,,,,,,,,,Exclusive Grand Rapids,,42.9091617,-85.60919,Kent County,2350 29th St SE,Wyoming,49508,2024-03-17T22:44:15.999310
AU-G-A-000107,Class A Marihuana Grower,Givingtrees,2022-03-23T00:00:00,License Void,,168,CRA,Michigan Cannabis Regulatory Agency,MI,,,,,,,,,,,Givingtrees,,42.4758753,-83.0952271,Oakland County,1008 E 10 Mile Rd,Hazel Park,48030,2024-03-17T22:44:15.999310
AU-G-A-000103,Class A Marihuana Grower,77 North Inc.,2022-02-18T00:00:00,License Void,,169,CRA,Michigan Cannabis Regulatory Agency,MI,,,,,,,,,,,77 North Inc.,,46.1167953,-85.9268531,Schoolcraft County,4404 M-77,Germfask,49836,2024-03-17T22:44:15.999310
AU-G-A-000143,Class A Marihuana Grower,Authentic 231,2024-11-17T00:00:00,Active,,170,CRA,Michigan Cannabis Regulatory Agency,MI,,,,,,,,,,,Authentic 231,,44.2582986,-86.3183681,Manistee County,74 Arthur St Bldg B,Manistee,49660,2024-03-17T22:44:15.999310
AU-G-A-000138,Class A Marihuana Grower,High Bud,2024-05-19T00:00:00,Active,,171,CRA,Michigan Cannabis Regulatory Agency,MI,,,,,,,,,,,High Bud,,44.9167627,-84.9697727,Antrim County,5963 Scholl Rd,Mancelona,49659,2024-03-17T22:44:15.999310
AU-G-A-000137,Class A Marihuana Grower,The Noggin Shop,2025-03-16T00:00:00,Active,,172,CRA,Michigan Cannabis Regulatory Agency,MI,,,,,,,,,,,The Noggin Shop,,47.1748961,-88.4263205,Houghton County,52324 Duncan Ave,Hubbell,49934,2024-03-17T22:44:15.999310
AU-G-A-000134,Class A Marihuana Grower,GL Hydro Pharm LLC,2025-02-13T00:00:00,Active,,173,CRA,Michigan Cannabis Regulatory Agency,MI,,,,,,,,,,,GL Hydro Pharm LLC,,44.941384,-85.019193,Antrim County,6068 US-131,Mancelona,49659,2024-03-17T22:44:15.999310
AU-G-A-000136,Class A Marihuana Grower,World Selections,2025-02-10T00:00:00,Active,,174,CRA,Michigan Cannabis Regulatory Agency,MI,,,,,,,,,,,World Selections,,42.25499,-84.35609099999999,Jackson County,220 Watts Rd,Jackson,49203,2024-03-17T22:44:15.999310
AU-G-A-000132,Class A Marihuana Grower,"Spring Valley Growers, LLC",2024-10-27T00:00:00,Active,,175,CRA,Michigan Cannabis Regulatory Agency,MI,,,,,,,,,,,"Spring Valley Growers, LLC",,41.8844464,-84.5441484,Hillsdale County,Osseo,MI 49266,USA,2024-03-17T22:44:15.999310
AU-G-A-000131,Class A Marihuana Grower,"Aloft Process, Inc",2023-08-01T00:00:00,License Void,,176,CRA,Michigan Cannabis Regulatory Agency,MI,,,,,,,,,,,"Aloft Process, Inc",,41.8207409,-86.381188,Berrien County,317 Post Rd,Buchanan,49107,2024-03-17T22:44:15.999310
AU-G-A-000128,Class A Marihuana Grower,Urban Gardens,2025-02-19T00:00:00,Active,,177,CRA,Michigan Cannabis Regulatory Agency,MI,,,,,,,,,,,Urban Gardens,,42.2855202,-85.5748426,Kalamazoo County,617 Portage Street,Kalamazoo,49007,2024-03-17T22:44:15.999310
AU-G-A-000125,Class A Marihuana Grower,"Family Trees, LLC",2023-07-27T00:00:00,License Void,Social Equity,178,CRA,Michigan Cannabis Regulatory Agency,MI,,,,,,,,,,,"Family Trees, LLC",,42.2332735,-84.3154765,Jackson County,4975 Page Ave,Michigan Center,49254,2024-03-17T22:44:15.999310
AU-G-A-000121,Class A Marihuana Grower,"Smart Decisions, Inc.",2023-05-19T00:00:00,License Void,,179,CRA,Michigan Cannabis Regulatory Agency,MI,,,,,,,,,,,"Smart Decisions, Inc.",,42.236,-84.347758,Jackson County,1256 Falahee Rd,Jackson,49203,2024-03-17T22:44:15.999310
AU-G-A-000120,Class A Marihuana Grower,Source 906,2023-05-04T00:00:00,License Void,,180,CRA,Michigan Cannabis Regulatory Agency,MI,,,,,,,,,,,Source 906,,45.8366893,-88.05561399999999,Dickinson County,1500 N Stephenson Ave,Iron Mountain,49801,2024-03-17T22:44:15.999310
AU-G-A-000117,Class A Marihuana Grower,My Peaceable Kingdom LLC,2024-01-27T00:00:00,License Void,,181,CRA,Michigan Cannabis Regulatory Agency,MI,,,,,,,,,,,My Peaceable Kingdom LLC,,44.591837,-86.177582,Benzie County,2855 Paul Rose Rd,Frankfort,49635,2024-03-17T22:44:15.999310
AU-G-A-000115,Class A Marihuana Grower,"Epic Roots, LLC",2022-10-19T00:00:00,License Void,,182,CRA,Michigan Cannabis Regulatory Agency,MI,,,,,,,,,,,"Epic Roots, LLC",,42.4786922,-83.0817048,Macomb County,2103 Riggs Ave,Warren,48091,2024-03-17T22:44:15.999310
AU-G-A-000114,Class A Marihuana Grower,"Production Dr. Holdings, LLC",2024-08-30T00:00:00,Active,Public Documents Available,183,CRA,Michigan Cannabis Regulatory Agency,MI,,,,,,,,,,,"Production Dr. Holdings, LLC",,42.600824,-82.8542184,Macomb County,41525 Production Dr,Harrison Twp,48045,2024-03-17T22:44:15.999310
AU-G-A-000108,Class A Marihuana Grower,Exclusive Grand Rapids,2023-08-12T00:00:00,Active,Public Documents Available,184,CRA,Michigan Cannabis Regulatory Agency,MI,,,,,,,,,,,Exclusive Grand Rapids,,42.9091617,-85.60919,Kent County,2350 29th St SE,Wyoming,49508,2024-03-17T22:44:15.999310
AU-G-A-000107,Class A Marihuana Grower,Givingtrees,2022-03-23T00:00:00,License Void,,185,CRA,Michigan Cannabis Regulatory Agency,MI,,,,,,,,,,,Givingtrees,,42.4758753,-83.0952271,Oakland County,1008 E 10 Mile Rd,Hazel Park,48030,2024-03-17T22:44:15.999310
AU-G-A-000103,Class A Marihuana Grower,77 North Inc.,2022-02-18T00:00:00,License Void,,186,CRA,Michigan Cannabis Regulatory Agency,MI,,,,,,,,,,,77 North Inc.,,46.1167953,-85.9268531,Schoolcraft County,4404 M-77,Germfask,49836,2024-03-17T22:44:15.999310
AU-G-A-000143,Class A Marihuana Grower,Authentic 231,2024-11-17T00:00:00,Active,,187,CRA,Michigan Cannabis Regulatory Agency,MI,,,,,,,,,,,Authentic 231,,44.2582986,-86.3183681,Manistee County,74 Arthur St Bldg B,Manistee,49660,2024-03-17T22:44:15.999310
AU-G-A-000138,Class A Marihuana Grower,High Bud,2024-05-19T00:00:00,Active,,188,CRA,Michigan Cannabis Regulatory Agency,MI,,,,,,,,,,,High Bud,,44.9167627,-84.9697727,Antrim County,5963 Scholl Rd,Mancelona,49659,2024-03-17T22:44:15.999310
AU-G-A-000137,Class A Marihuana Grower,The Noggin Shop,2025-03-16T00:00:00,Active,,189,CRA,Michigan Cannabis Regulatory Agency,MI,,,,,,,,,,,The Noggin Shop,,47.1748961,-88.4263205,Houghton County,52324 Duncan Ave,Hubbell,49934,2024-03-17T22:44:15.999310
AU-G-A-000134,Class A Marihuana Grower,GL Hydro Pharm LLC,2025-02-13T00:00:00,Active,,190,CRA,Michigan Cannabis Regulatory Agency,MI,,,,,,,,,,,GL Hydro Pharm LLC,,44.941384,-85.019193,Antrim County,6068 US-131,Mancelona,49659,2024-03-17T22:44:15.999310
AU-G-A-000136,Class A Marihuana Grower,World Selections,2025-02-10T00:00:00,Active,,191,CRA,Michigan Cannabis Regulatory Agency,MI,,,,,,,,,,,World Selections,,42.25499,-84.35609099999999,Jackson County,220 Watts Rd,Jackson,49203,2024-03-17T22:44:15.999310
AU-G-A-000132,Class A Marihuana Grower,"Spring Valley Growers, LLC",2024-10-27T00:00:00,Active,,192,CRA,Michigan Cannabis Regulatory Agency,MI,,,,,,,,,,,"Spring Valley Growers, LLC",,41.8844464,-84.5441484,Hillsdale County,Osseo,MI 49266,USA,2024-03-17T22:44:15.999310
AU-G-A-000131,Class A Marihuana Grower,"Aloft Process, Inc",2023-08-01T00:00:00,License Void,,193,CRA,Michigan Cannabis Regulatory Agency,MI,,,,,,,,,,,"Aloft Process, Inc",,41.8207409,-86.381188,Berrien County,317 Post Rd,Buchanan,49107,2024-03-17T22:44:15.999310
AU-G-A-000128,Class A Marihuana Grower,Urban Gardens,2025-02-19T00:00:00,Active,,194,CRA,Michigan Cannabis Regulatory Agency,MI,,,,,,,,,,,Urban Gardens,,42.2855202,-85.5748426,Kalamazoo County,617 Portage Street,Kalamazoo,49007,2024-03-17T22:44:15.999310
AU-G-A-000125,Class A Marihuana Grower,"Family Trees, LLC",2023-07-27T00:00:00,License Void,Social Equity,195,CRA,Michigan Cannabis Regulatory Agency,MI,,,,,,,,,,,"Family Trees, LLC",,42.2332735,-84.3154765,Jackson County,4975 Page Ave,Michigan Center,49254,2024-03-17T22:44:15.999310
AU-G-A-000121,Class A Marihuana Grower,"Smart Decisions, Inc.",2023-05-19T00:00:00,License Void,,196,CRA,Michigan Cannabis Regulatory Agency,MI,,,,,,,,,,,"Smart Decisions, Inc.",,42.236,-84.347758,Jackson County,1256 Falahee Rd,Jackson,49203,2024-03-17T22:44:15.999310
AU-G-A-000120,Class A Marihuana Grower,Source 906,2023-05-04T00:00:00,License Void,,197,CRA,Michigan Cannabis Regulatory Agency,MI,,,,,,,,,,,Source 906,,45.8366893,-88.05561399999999,Dickinson County,1500 N Stephenson Ave,Iron Mountain,49801,2024-03-17T22:44:15.999310
AU-G-A-000117,Class A Marihuana Grower,My Peaceable Kingdom LLC,2024-01-27T00:00:00,License Void,,198,CRA,Michigan Cannabis Regulatory Agency,MI,,,,,,,,,,,My Peaceable Kingdom LLC,,44.591837,-86.177582,Benzie County,2855 Paul Rose Rd,Frankfort,49635,2024-03-17T22:44:15.999310
AU-G-A-000115,Class A Marihuana Grower,"Epic Roots, LLC",2022-10-19T00:00:00,License Void,,199,CRA,Michigan Cannabis Regulatory Agency,MI,,,,,,,,,,,"Epic Roots, LLC",,42.4786922,-83.0817048,Macomb County,2103 Riggs Ave,Warren,48091,2024-03-17T22:44:15.999310
AU-G-A-000114,Class A Marihuana Grower,"Production Dr. Holdings, LLC",2024-08-30T00:00:00,Active,Public Documents Available,200,CRA,Michigan Cannabis Regulatory Agency,MI,,,,,,,,,,,"Production Dr. Holdings, LLC",,42.600824,-82.8542184,Macomb County,41525 Production Dr,Harrison Twp,48045,2024-03-17T22:44:15.999310
AU-G-A-000108,Class A Marihuana Grower,Exclusive Grand Rapids,2023-08-12T00:00:00,Active,Public Documents Available,201,CRA,Michigan Cannabis Regulatory Agency,MI,,,,,,,,,,,Exclusive Grand Rapids,,42.9091617,-85.60919,Kent County,2350 29th St SE,Wyoming,49508,2024-03-17T22:44:15.999310
AU-G-A-000107,Class A Marihuana Grower,Givingtrees,2022-03-23T00:00:00,License Void,,202,CRA,Michigan Cannabis Regulatory Agency,MI,,,,,,,,,,,Givingtrees,,42.4758753,-83.0952271,Oakland County,1008 E 10 Mile Rd,Hazel Park,48030,2024-03-17T22:44:15.999310
AU-G-A-000103,Class A Marihuana Grower,77 North Inc.,2022-02-18T00:00:00,License Void,,203,CRA,Michigan Cannabis Regulatory Agency,MI,,,,,,,,,,,77 North Inc.,,46.1167953,-85.9268531,Schoolcraft County,4404 M-77,Germfask,49836,2024-03-17T22:44:15.999310
AU-G-A-000143,Class A Marihuana Grower,Authentic 231,2024-11-17T00:00:00,Active,,204,CRA,Michigan Cannabis Regulatory Agency,MI,,,,,,,,,,,Authentic 231,,44.2582986,-86.3183681,Manistee County,74 Arthur St Bldg B,Manistee,49660,2024-03-17T22:44:15.999310
AU-G-A-000138,Class A Marihuana Grower,High Bud,2024-05-19T00:00:00,Active,,205,CRA,Michigan Cannabis Regulatory Agency,MI,,,,,,,,,,,High Bud,,44.9167627,-84.9697727,Antrim County,5963 Scholl Rd,Mancelona,49659,2024-03-17T22:44:15.999310
AU-G-A-000137,Class A Marihuana Grower,The Noggin Shop,2025-03-16T00:00:00,Active,,206,CRA,Michigan Cannabis Regulatory Agency,MI,,,,,,,,,,,The Noggin Shop,,47.1748961,-88.4263205,Houghton County,52324 Duncan Ave,Hubbell,49934,2024-03-17T22:44:15.999310
AU-G-A-000134,Class A Marihuana Grower,GL Hydro Pharm LLC,2025-02-13T00:00:00,Active,,207,CRA,Michigan Cannabis Regulatory Agency,MI,,,,,,,,,,,GL Hydro Pharm LLC,,44.941384,-85.019193,Antrim County,6068 US-131,Mancelona,49659,2024-03-17T22:44:15.999310
AU-G-A-000136,Class A Marihuana Grower,World Selections,2025-02-10T00:00:00,Active,,208,CRA,Michigan Cannabis Regulatory Agency,MI,,,,,,,,,,,World Selections,,42.25499,-84.35609099999999,Jackson County,220 Watts Rd,Jackson,49203,2024-03-17T22:44:15.999310
AU-G-A-000132,Class A Marihuana Grower,"Spring Valley Growers, LLC",2024-10-27T00:00:00,Active,,209,CRA,Michigan Cannabis Regulatory Agency,MI,,,,,,,,,,,"Spring Valley Growers, LLC",,41.8844464,-84.5441484,Hillsdale County,Osseo,MI 49266,USA,2024-03-17T22:44:15.999310
AU-G-A-000131,Class A Marihuana Grower,"Aloft Process, Inc",2023-08-01T00:00:00,License Void,,210,CRA,Michigan Cannabis Regulatory Agency,MI,,,,,,,,,,,"Aloft Process, Inc",,41.8207409,-86.381188,Berrien County,317 Post Rd,Buchanan,49107,2024-03-17T22:44:15.999310
AU-G-A-000128,Class A Marihuana Grower,Urban Gardens,2025-02-19T00:00:00,Active,,211,CRA,Michigan Cannabis Regulatory Agency,MI,,,,,,,,,,,Urban Gardens,,42.2855202,-85.5748426,Kalamazoo County,617 Portage Street,Kalamazoo,49007,2024-03-17T22:44:15.999310
AU-G-A-000125,Class A Marihuana Grower,"Family Trees, LLC",2023-07-27T00:00:00,License Void,Social Equity,212,CRA,Michigan Cannabis Regulatory Agency,MI,,,,,,,,,,,"Family Trees, LLC",,42.2332735,-84.3154765,Jackson County,4975 Page Ave,Michigan Center,49254,2024-03-17T22:44:15.999310
AU-G-A-000121,Class A Marihuana Grower,"Smart Decisions, Inc.",2023-05-19T00:00:00,License Void,,213,CRA,Michigan Cannabis Regulatory Agency,MI,,,,,,,,,,,"Smart Decisions, Inc.",,42.236,-84.347758,Jackson County,1256 Falahee Rd,Jackson,49203,2024-03-17T22:44:15.999310
AU-G-A-000120,Class A Marihuana Grower,Source 906,2023-05-04T00:00:00,License Void,,214,CRA,Michigan Cannabis Regulatory Agency,MI,,,,,,,,,,,Source 906,,45.8366893,-88.05561399999999,Dickinson County,1500 N Stephenson Ave,Iron Mountain,49801,2024-03-17T22:44:15.999310
AU-G-A-000117,Class A Marihuana Grower,My Peaceable Kingdom LLC,2024-01-27T00:00:00,License Void,,215,CRA,Michigan Cannabis Regulatory Agency,MI,,,,,,,,,,,My Peaceable Kingdom LLC,,44.591837,-86.177582,Benzie County,2855 Paul Rose Rd,Frankfort,49635,2024-03-17T22:44:15.999310
AU-G-A-000115,Class A Marihuana Grower,"Epic Roots, LLC",2022-10-19T00:00:00,License Void,,216,CRA,Michigan Cannabis Regulatory Agency,MI,,,,,,,,,,,"Epic Roots, LLC",,42.4786922,-83.0817048,Macomb County,2103 Riggs Ave,Warren,48091,2024-03-17T22:44:15.999310
AU-G-A-000114,Class A Marihuana Grower,"Production Dr. Holdings, LLC",2024-08-30T00:00:00,Active,Public Documents Available,217,CRA,Michigan Cannabis Regulatory Agency,MI,,,,,,,,,,,"Production Dr. Holdings, LLC",,42.600824,-82.8542184,Macomb County,41525 Production Dr,Harrison Twp,48045,2024-03-17T22:44:15.999310
AU-G-A-000108,Class A Marihuana Grower,Exclusive Grand Rapids,2023-08-12T00:00:00,Active,Public Documents Available,218,CRA,Michigan Cannabis Regulatory Agency,MI,,,,,,,,,,,Exclusive Grand Rapids,,42.9091617,-85.60919,Kent County,2350 29th St SE,Wyoming,49508,2024-03-17T22:44:15.999310
AU-G-A-000107,Class A Marihuana Grower,Givingtrees,2022-03-23T00:00:00,License Void,,219,CRA,Michigan Cannabis Regulatory Agency,MI,,,,,,,,,,,Givingtrees,,42.4758753,-83.0952271,Oakland County,1008 E 10 Mile Rd,Hazel Park,48030,2024-03-17T22:44:15.999310
AU-G-A-000103,Class A Marihuana Grower,77 North Inc.,2022-02-18T00:00:00,License Void,,220,CRA,Michigan Cannabis Regulatory Agency,MI,,,,,,,,,,,77 North Inc.,,46.1167953,-85.9268531,Schoolcraft County,4404 M-77,Germfask,49836,2024-03-17T22:44:15.999310
