business_dba_name,premise_street_address,premise_city,premise_state,premise_zip_code,premise_county,business_phone,license_type,business_website,premise_longitude,premise_latitude,business_legal_name,licensing_authority_id,licensing_authority,license_designation,license_status_date,license_term,issue_date,expiration_date,business_owner_name,business_structure,business_email,activity,parcel_number,business_image_url,id,license_number,license_status,data_refreshed_date
1634 Funk,394 Communipaw Avenue,Jersey City,NJ,07304,Hudson,(201) 862-8877,Recreational cannabis only,https://strictlycbdjc.com/,-74.064125984,40.712913997,1634 Funk,NJCRC,New Jersey Cannabis Regulatory Commission,Adult-Use,,,,,,,,,,,,,,2024-02-12T23:24:47.998465
A21 Wellness,2507 Us Highway 22,Scotch Plains,NJ,07076,Union,,Recreational cannabis only,https://a21dispensary.com/,-74.38859197,40.664628996,A21 Wellness,NJCRC,New Jersey Cannabis Regulatory Commission,Adult-Use,,,,,,,,,,,,,,2024-02-12T23:24:47.998465
Anja,225 Woodbridge Avenue,Highland Park,NJ,08904,Middlesex,(732) 995-9390,Recreational cannabis only,https://www.getanja.com/,-74.411413965,40.501386989,Anja,NJCRC,New Jersey Cannabis Regulatory Commission,Adult-Use,,,,,,,,,,,,,,2024-02-12T23:24:47.998465
Apothecarium Dispensary,55 South Main St.,Phillipsburg,NJ,08865,Warren,(908) 777-7420,Medicinal and Recreational,https://apothecariumnj.com/phillipsburg/,-75.201758032,40.690828981,Apothecarium Dispensary,NJCRC,New Jersey Cannabis Regulatory Commission,Adult-Use,,,,,,,,,,,,,,2024-02-12T23:24:47.998465
Apothecarium Dispensary,1865 Springfield Avenue,Maplewood,NJ,07040,Essex,(973) 996-1420,Medicinal and Recreational,https://apothecariumnj.com/maplewood/,-74.269286642,40.72072861,Apothecarium Dispensary,NJCRC,New Jersey Cannabis Regulatory Commission,Adult-Use,,,,,,,,,,,,,,2024-02-12T23:24:47.998465
Apothecarium Dispensary,200 Nj-17,Lodi,NJ,07644,Bergen,(862) 910-2420,Medicinal and Recreational,https://apothecariumnj.com/lodi/,-74.067241035,40.882779006,Apothecarium Dispensary,NJCRC,New Jersey Cannabis Regulatory Commission,Adult-Use,,,,,,,,,,,,,,2024-02-12T23:24:47.998465
Ascend,174 Route 17 North,Rochelle Park,NJ,07662,Bergen,(973) 500-6825,Medicinal and Recreational,http://letsascend.com,-74.071173991,40.903653005,Ascend,NJCRC,New Jersey Cannabis Regulatory Commission,Adult-Use,,,,,,,,,,,,,,2024-02-12T23:24:47.998465
Ascend,461-469 West State Street,Fort Lee,NJ,07024,Bergen,(973) 200-7696,Medicinal and Recreational,http://letsascend.com,-73.97250801,40.859734011,Ascend,NJCRC,New Jersey Cannabis Regulatory Commission,Adult-Use,,,,,,,,,,,,,,2024-02-12T23:24:47.998465
Ascend,395 Bloomfield Ave,Montclair,NJ,07042,Essex,(973) 337-5670,Medicinal and Recreational,http://letsascend.com,-74.215952909,40.812709321,Ascend,NJCRC,New Jersey Cannabis Regulatory Commission,Adult-Use,,,,,,,,,,,,,,2024-02-12T23:24:47.998465
"Aunt Mary's Dispensary, LLC",100 Reaville Ave. Suite 211,Flemington,NJ,08822,Hunterdon,(908) 257-0421,Medicinal and Recreational,http://www.auntmarysnj.co/,-74.850988963,40.499399011,"Aunt Mary's Dispensary, LLC",NJCRC,New Jersey Cannabis Regulatory Commission,Adult-Use,,,,,,,,,,,,,,2024-02-12T23:24:47.998465
Ayr Wellness,950 Us Highway 1 North,Woodbridge,NJ,07095,Middlesex,(848) 999-2005,Medicinal and Recreational,https://gardenstatedispensary.com/locations/woodbridge/,-74.294910037,40.567942988,Ayr Wellness,NJCRC,New Jersey Cannabis Regulatory Commission,Adult-Use,,,,,,,,,,,,,,2024-02-12T23:24:47.998465
Ayr Wellness,59 Main St,Eatontown,NJ,07724,Monmouth,(848) 999-2005,Medicinal and Recreational,https://gardenstatedispensary.com/locations/eatontown/,-74.060837009,40.306158005,Ayr Wellness,NJCRC,New Jersey Cannabis Regulatory Commission,Adult-Use,,,,,,,,,,,,,,2024-02-12T23:24:47.998465
Ayr Wellness,2536 Rt 22,Union,NJ,07083,Union,(848) 999-2005,Medicinal and Recreational,https://gardenstatedispensary.com/locations/union/,-74.301235021,40.688860994,Ayr Wellness,NJCRC,New Jersey Cannabis Regulatory Commission,Adult-Use,,,,,,,,,,,,,,2024-02-12T23:24:47.998465
Baked by the River,8 Church Street,Lambertville,NJ,08530,Hunterdon,(609) 669-0501,Recreational cannabis only,http://www.bakedbytheriver.com/,-74.944739963,40.366959996,Baked by the River,NJCRC,New Jersey Cannabis Regulatory Commission,Adult-Use,,,,,,,,,,,,,,2024-02-12T23:24:47.998465
BLOC,1075 Easton Ave,Somerset,NJ,08873,Somerset,(973) 494-8499,Medicinal and Recreational,https://www.blocdispensary.com/,-74.488150037,40.516698002,BLOC,NJCRC,New Jersey Cannabis Regulatory Commission,Adult-Use,,,,,,,,,,,,,,2024-02-12T23:24:47.998465
BLOC,501 Us-9,Waretown,NJ,08758,Ocean,(973) 494-8550,Medicinal and Recreational,https://www.blocdispensary.com/,-74.196918631,39.796510936,BLOC,NJCRC,New Jersey Cannabis Regulatory Commission,Adult-Use,,,,,,,,,,,,,,2024-02-12T23:24:47.998465
BLOC,1761 North Olden Avenue,Ewing,NJ,08638,Mercer,(973) 494-8499,Medicinal and Recreational,https://www.blocdispensary.com/,-74.770759984,40.248055994,BLOC,NJCRC,New Jersey Cannabis Regulatory Commission,Adult-Use,,,,,,,,,,,,,,2024-02-12T23:24:47.998465
"Botanist, The",100 Century Drive,Egg Harbor Township,NJ,08234,Atlantic,(609) 277-7547,Medicinal and Recreational,https://www.shopbotanist.com/locations/egg-harbor-township/,-74.553988965,39.419496986,"Botanist, The",NJCRC,New Jersey Cannabis Regulatory Commission,Adult-Use,,,,,,,,,,,,,,2024-02-12T23:24:47.998465
"Botanist, The",2090 N Blackhorse Pike,Williamstown,NJ,08094,Camden,(856) 478-3530,Medicinal and Recreational,https://www.shopbotanist.com/locations/williamstown/,-75.021994037,39.719486013,"Botanist, The",NJCRC,New Jersey Cannabis Regulatory Commission,Adult-Use,,,,,,,,,,,,,,2024-02-12T23:24:47.998465
Brute's Roots,6206 Black Horse Pike,Egg Harbor Township,NJ,08234,Atlantic,(609) 867-6112,Medicinal and Recreational,https://brutesroots.com/,-74.602429995,39.430488008,Brute's Roots,NJCRC,New Jersey Cannabis Regulatory Commission,Adult-Use,,,,,,,,,,,,,,2024-02-12T23:24:47.998465
Camden Apothecary,1205 Haddon Avenue,Camden,NJ,08103,Camden,(856) 931-6310,Recreational cannabis only,https://camdenapothecary.com/,-75.102728026,39.931881009,Camden Apothecary,NJCRC,New Jersey Cannabis Regulatory Commission,Adult-Use,,,,,,,,,,,,,,2024-02-12T23:24:47.998465
Cannabis Clubhouse,70-72 E Main Street,Sussex,NJ,07461,Sussex,(862) 351-6021,Recreational cannabis only,https://www.cannabisclubhousenj.com/,-74.602616995,41.211354011,Cannabis Clubhouse,NJCRC,New Jersey Cannabis Regulatory Commission,Adult-Use,,,,,,,,,,,,,,2024-02-12T23:24:47.998465
"Cannabis Place, The",1544 John F. Kennedy Boulevard,Jersey City,NJ,07305,Hudson,(844) 420-1542,Recreational cannabis only,https://thecannabisplace.org/,-74.099756029,40.694486006,"Cannabis Place, The",NJCRC,New Jersey Cannabis Regulatory Commission,Adult-Use,,,,,,,,,,,,,,2024-02-12T23:24:47.998465
"Cannabist, The",1062 North Delsea Drive,Vineland,NJ,08360,Cumberland,(856) 213-9445,Medicinal and Recreational,https://col-care.com/location/vineland/,-75.042358039,39.502727985,"Cannabist, The",NJCRC,New Jersey Cannabis Regulatory Commission,Adult-Use,,,,,,,,,,,,,,2024-02-12T23:24:47.998465
"Cannabist, The",1692 Clements Bridge Rd,Deptford,NJ,08096,Gloucester,(856) 322-2829,Medicinal and Recreational,https://gocannabist.com/location/deptford/,-75.102324018,39.83356799,"Cannabist, The",NJCRC,New Jersey Cannabis Regulatory Commission,Adult-Use,,,,,,,,,,,,,,2024-02-12T23:24:47.998465
Cloud Nine Dispensary,513-27 Route 22,North Plainfield,NJ,07060,Somerset,(551) 222-6031,Recreational cannabis only,https://www.c9dispensarynj.com/,-74.432185997,40.631040992,Cloud Nine Dispensary,NJCRC,New Jersey Cannabis Regulatory Commission,Adult-Use,,,,,,,,,,,,,,2024-02-12T23:24:47.998465
Cookies Harrison,331 Angelo Cifelli Drive,Harrison,NJ,07029,Hudson,(973) 266-5437,Recreational cannabis only,https://cookies.co/stores/cookies_harrison,-74.15713586,40.740722374,Cookies Harrison,NJCRC,New Jersey Cannabis Regulatory Commission,Adult-Use,,,,,,,,,,,,,,2024-02-12T23:24:47.998465
Curaleaf,191 Rte 130,Bordentown,NJ,08505,Burlington,(609) 400-2455,Medicinal and Recreational,https://curaleaf.com/shop/new-jersey/curaleaf-nj-bordentown?,-74.69962998,40.148561001,Curaleaf,NJCRC,New Jersey Cannabis Regulatory Commission,Adult-Use,,,,,,,,,,,,,,2024-02-12T23:24:47.998465
Curaleaf,640 Creek Road,Bellmawr,NJ,08031,Camden,(856) 933-8700,Medicinal and Recreational,https://curaleaf.com/shop/new-jersey/curaleaf-nj-bellmawr?,-75.103095991,39.865061985,Curaleaf,NJCRC,New Jersey Cannabis Regulatory Commission,Adult-Use,,,,,,,,,,,,,,2024-02-12T23:24:47.998465
Curaleaf,4237 Us-130 South,Edgewater Park,NJ,08010,Burlington,(609) 232-7681,Medicinal and Recreational,https://curaleaf.com/shop/new-jersey/curaleaf-nj-edgewater-park?,-74.912763014,40.040723958,Curaleaf,NJCRC,New Jersey Cannabis Regulatory Commission,Adult-Use,,,,,,,,,,,,,,2024-02-12T23:24:47.998465
Dank Poet Dispensary,245 E Washington Ave,Washington,NJ,07882,Warren,(908) 450-9900,Recreational cannabis only,https://dankpoet.com/,-74.97037702,40.760086007,Dank Poet Dispensary,NJCRC,New Jersey Cannabis Regulatory Commission,Adult-Use,,,,,,,,,,,,,,2024-02-12T23:24:47.998465
Daylite Cannabis,1136 Route 73,Mount Laurel,NJ,08054,Burlington,,Recreational cannabis only,http://daylitecannabis.com/,-74.952469,39.925340987,Daylite Cannabis,NJCRC,New Jersey Cannabis Regulatory Commission,Adult-Use,,,,,,,,,,,,,,2024-02-12T23:24:47.998465
Design 710,112 Park Place,Atlantic City,NJ,08401,Atlantic,(609) 964-7420,Medicinal and Recreational,https://design710.com/,-74.432816987,39.357851986,Design 710,NJCRC,New Jersey Cannabis Regulatory Commission,Adult-Use,,,,,,,,,,,,,,2024-02-12T23:24:47.998465
downtown FLWR,141 Newark Avenue,Jersey City,NJ,07302,Hudson,(202) 351-4048,Medicinal and Recreational,https://downtownflwr.com/,-74.044011009,40.720199002,downtown FLWR,NJCRC,New Jersey Cannabis Regulatory Commission,Adult-Use,,,,,,,,,,,,,,2024-02-12T23:24:47.998465
Earth & Ivy,355 George Street,New Brunswick,NJ,08901,Middlesex,(732) 317-2992,Recreational cannabis only,http://earthandivy.co/,-74.443542973,40.494784983,Earth & Ivy,NJCRC,New Jersey Cannabis Regulatory Commission,Adult-Use,,,,,,,,,,,,,,2024-02-12T23:24:47.998465
Eastern Green,78 Route 73,Voorhees,NJ,08043,Camden,(856) 205-3257,Medicinal and Recreational,https://easterngreendispensary.com/,-74.927727969,39.82257898,Eastern Green,NJCRC,New Jersey Cannabis Regulatory Commission,Adult-Use,,,,,,,,,,,,,,2024-02-12T23:24:47.998465
Elevated by TheCannaBossLady,9 Highland Place,Maplewood,NJ,07040,Essex,(917) 416-5455,Recreational cannabis only,http://thecannabosslady.com/,-74.278548981,40.731248991,Elevated by TheCannaBossLady,NJCRC,New Jersey Cannabis Regulatory Commission,Adult-Use,,,,,,,,,,,,,,2024-02-12T23:24:47.998465
Elevated Herb,1846 Route 23,West Milford,NJ,07480,Passaic,(973) 291-6840,Recreational cannabis only,https://elevated-herb.com/,-74.382405036,41.014927002,Elevated Herb,NJCRC,New Jersey Cannabis Regulatory Commission,Adult-Use,,,,,,,,,,,,,,2024-02-12T23:24:47.998465
Evolve Cannabis,186 Us-130,Bordentown,NJ,08505,Burlington,(609) 400-5590,Recreational cannabis only,https://www.evolvcannabis.com/,-74.699500268,40.152784113,Evolve Cannabis,NJCRC,New Jersey Cannabis Regulatory Commission,Adult-Use,,,,,,,,,,,,,,2024-02-12T23:24:47.998465
Fire and Oak,5 Washington Street,Mount Holly,NJ,08060,Burlington,(609) 901-0698,Recreational cannabis only,https://www.faomtholly.com/,-74.788521991,39.993082983,Fire and Oak,NJCRC,New Jersey Cannabis Regulatory Commission,Adult-Use,,,,,,,,,,,,,,2024-02-12T23:24:47.998465
Garden Greenz,190 Newark Avenue,Jersey City,NJ,07302,Hudson,(201) 963-4500,Recreational cannabis only,https://gardengreenz201.com/,-74.045822003,40.72166001,Garden Greenz,NJCRC,New Jersey Cannabis Regulatory Commission,Adult-Use,,,,,,,,,,,,,,2024-02-12T23:24:47.998465
Garden State Botanicals,1345 Us-1,North Brunswick,NJ,08902,Middlesex,(201) 574-8060,Medicinal and Recreational,https://dutchie.com/stores/garden-state-botanicals,-74.473932988,40.458371984,Garden State Botanicals,NJCRC,New Jersey Cannabis Regulatory Commission,Adult-Use,,,,,,,,,,,,,,2024-02-12T23:24:47.998465
Garfield Gardens Dispensary,517 River Drive,Garfield,NJ,07026,Bergen,(973) 755-5420,Medicinal and Recreational,https://yumaway.com/locations/revergardens,-74.114841024,40.875655017,Garfield Gardens Dispensary,NJCRC,New Jersey Cannabis Regulatory Commission,Adult-Use,,,,,,,,,,,,,,2024-02-12T23:24:47.998465
Hackettstown Dispensary,321 Mountain Avenue,Hackettstown,NJ,07840,Warren,(908) 651-5542,Recreational cannabis only,https://www.hackettstowndispensarynj.com/,-74.823016584,40.835389192,Hackettstown Dispensary,NJCRC,New Jersey Cannabis Regulatory Commission,Adult-Use,,,,,,,,,,,,,,2024-02-12T23:24:47.998465
Hashery,409 Nj-17,Hackensack,NJ,07601,Bergen,(201) 606-0002,Recreational cannabis only,https://hasherynj.com/,-74.065785382,40.880287148,Hashery,NJCRC,New Jersey Cannabis Regulatory Commission,Adult-Use,,,,,,,,,,,,,,2024-02-12T23:24:47.998465
Hello High,7685 Black Horse Pike,Hammonton,NJ,08037,Atlantic,(609) 567-4444,Recreational cannabis only,http://www.hellohigh.com/,-74.817984968,39.565701014,Hello High,NJCRC,New Jersey Cannabis Regulatory Commission,Adult-Use,,,,,,,,,,,,,,2024-02-12T23:24:47.998465
High Street Dispensary,811 High Street,Hackettstown,NJ,07840,Warren,(833) 865-5924,Recreational cannabis only,https://www.njhighstreet.com/,-74.827345039,40.864309986,High Street Dispensary,NJCRC,New Jersey Cannabis Regulatory Commission,Adult-Use,,,,,,,,,,,,,,2024-02-12T23:24:47.998465
Highway 90,90 Old Marlton Pike West,Evesham,NJ,08053,Burlington,(856) 607-3473,Recreational cannabis only,http://www.thehighway90.com/,-74.927537029,39.892556011,Highway 90,NJCRC,New Jersey Cannabis Regulatory Commission,Adult-Use,,,,,,,,,,,,,,2024-02-12T23:24:47.998465
Holistic Solutions LLC,451 White Horse Pike,Atco,NJ,08004,Camden,(856) 270-7067,Medicinal and Recreational,https://myholisticsolutions.com/,-74.890881961,39.764358993,Holistic Solutions LLC,NJCRC,New Jersey Cannabis Regulatory Commission,Adult-Use,,,,,,,,,,,,,,2024-02-12T23:24:47.998465
Indigo,302 Crescent Boulevard,Brooklawn,NJ,08030,Camden,(609) 920-1818,Recreational cannabis only,https://www.indigodispensary.com/,-75.121165027,39.875550009,Indigo,NJCRC,New Jersey Cannabis Regulatory Commission,Adult-Use,,,,,,,,,,,,,,2024-02-12T23:24:47.998465
Jersey Roots,1433 Union Valley Rd,West Milford,NJ,07480,Passaic,(973) 506-4853,Recreational cannabis only,http://jerseyrootsdispensary.com,-74.373248981,41.127860994,Jersey Roots,NJCRC,New Jersey Cannabis Regulatory Commission,Adult-Use,,,,,,,,,,,,,,2024-02-12T23:24:47.998465
Joy Leaf,711 East 1St Avenue,Roselle,NJ,07203,Union,(908) 287-5414,Recreational cannabis only,https://www.joyleaf.com/?utm_source=gmb&utm_campaign=dispenza,-74.246091989,40.662965984,Joy Leaf,NJCRC,New Jersey Cannabis Regulatory Commission,Adult-Use,,,,,,,,,,,,,,2024-02-12T23:24:47.998465
Kind Kush,279 Us-46,Rockaway,NJ,07866,Morris,(973) 586-9333,Recreational cannabis only,https://kindkushdispensary.com/,-74.520462022,40.892892988,Kind Kush,NJCRC,New Jersey Cannabis Regulatory Commission,Adult-Use,,,,,,,,,,,,,,2024-02-12T23:24:47.998465
Leaf Haus,"900 Easton Avenue, Suite 18",Somerset,NJ,08873,Somerset,(908) 908-9333,Recreational cannabis only,https://leafhaus.com/,-74.485443018,40.510419999,Leaf Haus,NJCRC,New Jersey Cannabis Regulatory Commission,Adult-Use,,,,,,,,,,,,,,2024-02-12T23:24:47.998465
"Leaf Joint, The ","391 Central Ave, Ground Floor",Jersey City,NJ,07307,Hudson,(201) 630-4356,Recreational cannabis only,https://www.theleafjoint.net/,-74.048212019,40.748262997,"Leaf Joint, The ",NJCRC,New Jersey Cannabis Regulatory Commission,Adult-Use,,,,,,,,,,,,,,2024-02-12T23:24:47.998465
Lemon 22,2006 Route 22,Scotch Plains,NJ,07076,Union,(908) 490-0039,Recreational cannabis only,https://www.chillinoutsmokeshop.com/,-74.39964703,40.656924015,Lemon 22,NJCRC,New Jersey Cannabis Regulatory Commission,Adult-Use,,,,,,,,,,,,,,2024-02-12T23:24:47.998465
Mass Grown,"34 Mill St, Suite A-B",Mount Holly,NJ,08060,Burlington,609-518-9333,Recreational cannabis only,http://massgrownnj.com,-74.786733964,39.992865012,Mass Grown,NJCRC,New Jersey Cannabis Regulatory Commission,Adult-Use,,,,,,,,,,,,,,2024-02-12T23:24:47.998465
Med Leaf,201 Philadelphia Avenue,Egg Harbor City,NJ,08215,Atlantic,(609) 616-0420,Recreational cannabis only,https://www.medleafdispensary.com/,-74.646217979,39.530410017,Med Leaf,NJCRC,New Jersey Cannabis Regulatory Commission,Adult-Use,,,,,,,,,,,,,,2024-02-12T23:24:47.998465
Molly Ann Farms,256 Belmont Avenue,Haledon,NJ,07508,Passaic,(973) 315-4900,Recreational cannabis only,https://www.mollyannfarms.com/,-74.183797063,40.931568337,Molly Ann Farms,NJCRC,New Jersey Cannabis Regulatory Commission,Adult-Use,,,,,,,,,,,,,,2024-02-12T23:24:47.998465
Mountain View Farmacy,74 Oak Ridge Road,West Milford,NJ,07438,Passaic,(973) 319-6420,Recreational cannabis only,http://www.mvf.earth/,-74.463676975,41.051790989,Mountain View Farmacy,NJCRC,New Jersey Cannabis Regulatory Commission,Adult-Use,,,,,,,,,,,,,,2024-02-12T23:24:47.998465
MPX NJ,153 S. New York Avenue,Atlantic City,NJ,08401,Atlantic,(609) 616-7770,Medicinal and Recreational,http://mpxnj.com,-74.427457012,39.359126999,MPX NJ,NJCRC,New Jersey Cannabis Regulatory Commission,Adult-Use,,,,,,,,,,,,,,2024-02-12T23:24:47.998465
MPX NJ,5035 Central Hwy,Pennsauken,NJ,08109,Camden,(848) 206-5060,Medicinal and Recreational,https://mpxnj.com/,-75.072371035,39.92994701,MPX NJ,NJCRC,New Jersey Cannabis Regulatory Commission,Adult-Use,,,,,,,,,,,,,,2024-02-12T23:24:47.998465
MPX NJ,581 Berlin-Cross Keys Road,Sicklerville,NJ,08081,Gloucester,(848) 292-2764,Medicinal and Recreational,https://mpxnj.com/gloucester-township/,-75.001665731,39.73838802,MPX NJ,NJCRC,New Jersey Cannabis Regulatory Commission,Adult-Use,,,,,,,,,,,,,,2024-02-12T23:24:47.998465
New Era Dispensary,80-88 Main Street,South Bound Brook,NJ,08880,Somerset,(732) 709-9842,Recreational cannabis only,https://neweradispensary.com/,-74.525302991,40.553956987,New Era Dispensary,NJCRC,New Jersey Cannabis Regulatory Commission,Adult-Use,,,,,,,,,,,,,,2024-02-12T23:24:47.998465
Nightjar,549 Bloomfield Avenue,Bloomfield,NJ,07003,Essex,(973) 707-2915,Recreational cannabis only,http://www.nightjarcannabis.com,-74.196968001,40.79278599,Nightjar,NJCRC,New Jersey Cannabis Regulatory Commission,Adult-Use,,,,,,,,,,,,,,2024-02-12T23:24:47.998465
NJ Leaf,546 Park Avenue,Freehold,NJ,07728,Monmouth,(732) 204-7172,Medicinal and Recreational,https://njleaf.com/,-74.271887967,40.249621021,NJ Leaf,NJCRC,New Jersey Cannabis Regulatory Commission,Adult-Use,,,,,,,,,,,,,,2024-02-12T23:24:47.998465
Noire Dispensary,171 Maplewood Ave,Maplewood,NJ,07040,Essex,(973) 922-1622,Recreational cannabis only,https://zebulon51.com/shop/,-74.278308001,40.730877002,Noire Dispensary,NJCRC,New Jersey Cannabis Regulatory Commission,Adult-Use,,,,,,,,,,,,,,2024-02-12T23:24:47.998465
Nova Farms,642 Mantua Avenue,Woodbury,NJ,08096,Gloucester,(856) 202-7273,Recreational cannabis only,http://www.novafarms.com/,-75.159249965,39.826282021,Nova Farms,NJCRC,New Jersey Cannabis Regulatory Commission,Adult-Use,,,,,,,,,,,,,,2024-02-12T23:24:47.998465
Organic Farms,2895 Mount Ephraim Avenue,Camden,NJ,08104,Camden,(856) 407-7100,Recreational cannabis only,https://www.organicfarms21.com/,-75.097386774,39.90773415,Organic Farms,NJCRC,New Jersey Cannabis Regulatory Commission,Adult-Use,,,,,,,,,,,,,,2024-02-12T23:24:47.998465
Phasal,1100 N Black Horse Pike,Runnemede,NJ,08078,Camden,(856) 540-9333,Recreational cannabis only,https://phasaldispensary.com/,-75.075973996,39.85877099,Phasal,NJCRC,New Jersey Cannabis Regulatory Commission,Adult-Use,,,,,,,,,,,,,,2024-02-12T23:24:47.998465
Phula,60-62 High Street,Mount Holly,NJ,08060,Burlington,(609) 667-7343,Recreational cannabis only,https://www.mthollydispensary.com/_test/,-74.788208005,39.994630995,Phula,NJCRC,New Jersey Cannabis Regulatory Commission,Adult-Use,,,,,,,,,,,,,,2024-02-12T23:24:47.998465
Puffin Store,382 George Street,New Brunswick,NJ,08901,Middlesex,(732) 378-3346,Recreational cannabis only,https://puffinstorenj.com/,-74.444332968,40.495818011,Puffin Store,NJCRC,New Jersey Cannabis Regulatory Commission,Adult-Use,,,,,,,,,,,,,,2024-02-12T23:24:47.998465
Pure Blossom,2554 Pennington Road,Pennington,NJ,08534,Mercer,(609) 928-3644,Recreational cannabis only,https://www.pureblossom.com/?utm_source=google&utm_medium=organic&utm_campaign=gbp,-74.784957,40.307174018,Pure Blossom,NJCRC,New Jersey Cannabis Regulatory Commission,Adult-Use,,,,,,,,,,,,,,2024-02-12T23:24:47.998465
Queen City Remedies,1353 South Ave,Plainfield,NJ,07062,Union,(908) 941-7909,Recreational cannabis only,https://queencitynj.com/,-74.396089348,40.633101028,Queen City Remedies,NJCRC,New Jersey Cannabis Regulatory Commission,Adult-Use,,,,,,,,,,,,,,2024-02-12T23:24:47.998465
RIPT,220 Broadway,Jersey City,NJ,07306,Hudson,(201) 267-0701,Medicinal and Recreational,http://www.riptdispensary.com,-74.077549015,40.738163013,RIPT,NJCRC,New Jersey Cannabis Regulatory Commission,Adult-Use,,,,,,,,,,,,,,2024-02-12T23:24:47.998465
RISE,196 3Rd Avenue #3-C,Paterson,NJ,07514,Passaic,(973) 440-2717,Medicinal and Recreational,https://risecannabis.com/dispensaries/new-jersey/paterson/,-74.141849025,40.936161001,RISE,NJCRC,New Jersey Cannabis Regulatory Commission,Adult-Use,,,,,,,,,,,,,,2024-02-12T23:24:47.998465
RISE,26-48 Bloomfield Ave,Bloomfield,NJ,07003,Essex,(973) 327-3442,Medicinal and Recreational,https://risecannabis.com/dispensaries/new-jersey/bloomfield/,-74.187037039,40.775351003,RISE,NJCRC,New Jersey Cannabis Regulatory Commission,Adult-Use,,,,,,,,,,,,,,2024-02-12T23:24:47.998465
Royal M,102A E Front St,Plainfield,NJ,07060,Union,(908) 444-8076,Recreational cannabis only,https://royalmcannabis.com/,-74.423804499,40.618602861,Royal M,NJCRC,New Jersey Cannabis Regulatory Commission,Adult-Use,,,,,,,,,,,,,,2024-02-12T23:24:47.998465
Shore House Canna,124 Sunset Blvd,West Cape May,NJ,08204,Cape May,(609) 600-3452,Recreational cannabis only,https://shorehousecanna.com/,-74.932438012,38.935381979,Shore House Canna,NJCRC,New Jersey Cannabis Regulatory Commission,Adult-Use,,,,,,,,,,,,,,2024-02-12T23:24:47.998465
"Social Leaf, The ",334 Atlantic City Boulevard,South Toms River,NJ,08757,Ocean,(732) 358-6800,Recreational cannabis only,https://thesocialleaf.com/,-74.194283301,39.944184238,"Social Leaf, The ",NJCRC,New Jersey Cannabis Regulatory Commission,Adult-Use,,,,,,,,,,,,,,2024-02-12T23:24:47.998465
Soulflora,"2713 Nj Route 23, Suite 5A",Newfoundland,NJ,07435,Passaic,(973) 409-4319,Recreational cannabis only,https://www.soulflora.com/,-74.440784992,41.046669018,Soulflora,NJCRC,New Jersey Cannabis Regulatory Commission,Adult-Use,,,,,,,,,,,,,,2024-02-12T23:24:47.998465
Sweet Spot,"903 White Horse Road, Suite 2",Voorhees,NJ,08043,Camden,(856) 882-3481,Medicinal and Recreational,https://sweetspotfarms.com/store/nj001,-74.98929524,39.847493958,Sweet Spot,NJCRC,New Jersey Cannabis Regulatory Commission,Adult-Use,,,,,,,,,,,,,,2024-02-12T23:24:47.998465
Union Chill,"204 N Union St, #108",Lambertville,NJ,08530,Hunterdon,(609) 483-2350,Recreational cannabis only,https://unionchillco.com/,-74.94738898,40.374054983,Union Chill,NJCRC,New Jersey Cannabis Regulatory Commission,Adult-Use,,,,,,,,,,,,,,2024-02-12T23:24:47.998465
Unity Rd. Cannabis Shop,"441 Elizabeth Ave, Suite 11",Somerset,NJ,08873,Somerset,(732) 412-7210,Recreational cannabis only,https://www.unityrd.com/locations/nj/franklin-somerset/441-elizabeth-ave,-74.539236983,40.529236994,Unity Rd. Cannabis Shop,NJCRC,New Jersey Cannabis Regulatory Commission,Adult-Use,,,,,,,,,,,,,,2024-02-12T23:24:47.998465
URB’N Dispensary,378 South St,Newark,NJ,07105,Essex,(973) 200-0618,Medicinal and Recreational,https://urbndispensary.com/home,-74.161697959,40.719005,URB’N Dispensary,NJCRC,New Jersey Cannabis Regulatory Commission,Adult-Use,,,,,,,,,,,,,,2024-02-12T23:24:47.998465
Valley Wellness LLC,407 Us-202,Raritan,NJ,08869,Somerset,(908)429-6680,Medicinal and Recreational,https://valleywellnessnj.com/,-74.635244458,40.57404381,Valley Wellness LLC,NJCRC,New Jersey Cannabis Regulatory Commission,Adult-Use,,,,,,,,,,,,,,2024-02-12T23:24:47.998465
Voltaire NJ,47 Mill Street,Mount Holly,NJ,08060,Burlington,(609) 702-5520,Recreational cannabis only,http://shopvoltaire.com/,-74.786113033,39.993477017,Voltaire NJ,NJCRC,New Jersey Cannabis Regulatory Commission,Adult-Use,,,,,,,,,,,,,,2024-02-12T23:24:47.998465
Zen Leaf,3256 Brunswick Pike,Lawrence Twp.,NJ,08648,Mercer,(609) 212-4351,Medicinal and Recreational,https://zenleafdispensaries.com/locations/lawrence/,-74.687460523,40.290410036,Zen Leaf,NJCRC,New Jersey Cannabis Regulatory Commission,Adult-Use,,,,,,,,,,,,,,2024-02-12T23:24:47.998465
Zen Leaf,117 Spring Street,Elizabeth,NJ,07201,Union,(908) 676-5936,Medicinal and Recreational,https://zenleafdispensaries.com/locations/elizabeth/,-74.205789032,40.663052989,Zen Leaf,NJCRC,New Jersey Cannabis Regulatory Commission,Adult-Use,,,,,,,,,,,,,,2024-02-12T23:24:47.998465
Zen Leaf,2100 Route 66,Neptune,NJ,07753,Monmouth,(732) 860-1492,Medicinal and Recreational,https://zenleafdispensaries.com/locations/neptune/,-74.040634024,40.226129983,Zen Leaf,NJCRC,New Jersey Cannabis Regulatory Commission,Adult-Use,,,,,,,,,,,,,,2024-02-12T23:24:47.998465
