business_legal_name,business_dba_name,premise_street_address,license_designation,premise_city,delivery,licensing_authority_id,licensing_authority,license_type,license_status,premise_state,license_status_date,license_term,issue_date,expiration_date,business_owner_name,business_structure,business_email,activity,parcel_number,business_website,business_image_url,business_phone,license_number,id,data_refreshed_date,premise_latitude,premise_longitude,premise_county,premise_zip_code
ZenLeaf,ZenLeaf,2765 US Hwy. 50 Ste. A,Adult-Use,Carson City,Y,NVCCB,Nevada Cannabis Compliance Board,Commercial - Retailer,Active,NV,,,,,,,,,,,,,,,2024-03-24T22:13:13.801562,39.2467269,-119.5904852,Lyon County,89403
ZenLeaf,ZenLeaf,2765 US Hwy. 50 Ste. A,Adult-Use,Carson City,Y,NVCCB,Nevada Cannabis Compliance Board,Commercial - Retailer,Active,NV,,,,,,,,,,,,,,,2024-03-24T22:13:13.801562,39.2467269,-119.5904852,Lyon County,89403
ZenLeaf,ZenLeaf,2765 US Hwy. 50 Ste. A,Adult-Use,Carson City,Y,NVCCB,Nevada Cannabis Compliance Board,Commercial - Retailer,Active,NV,,,,,,,,,,,,,,,2024-03-24T22:13:13.801562,39.2467269,-119.5904852,Lyon County,89403
ZenLeaf,ZenLeaf,2765 US Hwy. 50 Ste. A,Adult-Use,Carson City,Y,NVCCB,Nevada Cannabis Compliance Board,Commercial - Retailer,Active,NV,,,,,,,,,,,,,,,2024-03-24T22:13:13.801562,39.2467269,-119.5904852,Lyon County,89403
Curaleaf,Curaleaf,940 E. Aultman St.,Adult-Use,Ely,Y,NVCCB,Nevada Cannabis Compliance Board,Commercial - Retailer,Active,NV,,,,,,,,,,,,,,,2024-03-24T22:13:13.801562,39.2489511,-114.8881341,White Pine County,89301
Curaleaf,Curaleaf,940 E. Aultman St.,Adult-Use,Ely,Y,NVCCB,Nevada Cannabis Compliance Board,Commercial - Retailer,Active,NV,,,,,,,,,,,,,,,2024-03-24T22:13:13.801562,39.2489511,-114.8881341,White Pine County,89301
The Green Cross Farmacy,The Green Cross Farmacy,510 W. Williams Ave.,Adult-Use,Fallon,N,NVCCB,Nevada Cannabis Compliance Board,Commercial - Retailer,Active,NV,,,,,,,,,,,,,,,2024-03-24T22:13:13.801562,39.4751453,-118.7831761,Churchill County,89406
The Green Cross Farmacy,The Green Cross Farmacy,510 W. Williams Ave.,Adult-Use,Fallon,N,NVCCB,Nevada Cannabis Compliance Board,Commercial - Retailer,Active,NV,,,,,,,,,,,,,,,2024-03-24T22:13:13.801562,39.4751453,-118.7831761,Churchill County,89406
Silver State Relief LLC,Silver State Relief LLC,1301 Financial Way,Adult-Use,Fernley,Y,NVCCB,Nevada Cannabis Compliance Board,Commercial - Retailer,Active,NV,,,,,,,,,,,,,,,2024-03-24T22:13:13.801562,39.6059669,-119.2213175,Lyon County,89408
Silver State Relief LLC,Silver State Relief LLC,1301 Financial Way,Adult-Use,Fernley,Y,NVCCB,Nevada Cannabis Compliance Board,Commercial - Retailer,Active,NV,,,,,,,,,,,,,,,2024-03-24T22:13:13.801562,39.6059669,-119.2213175,Lyon County,89408
The Source,The Source,"9480 S. Eastern Ave. Ste. 185, 190",Adult-Use,Henderson,Y,NVCCB,Nevada Cannabis Compliance Board,Commercial - Retailer,Active,NV,,,,,,,,,,,,,,,2024-03-24T22:13:13.801562,36.0171469,-115.1171168,Clark County,89123
The Source,The Source,"9480 S. Eastern Ave. Ste. 185, 190",Adult-Use,Henderson,Y,NVCCB,Nevada Cannabis Compliance Board,Commercial - Retailer,Active,NV,,,,,,,,,,,,,,,2024-03-24T22:13:13.801562,36.0171469,-115.1171168,Clark County,89123
The Source,The Source,"9480 S. Eastern Ave. Ste. 185, 190",Adult-Use,Henderson,Y,NVCCB,Nevada Cannabis Compliance Board,Commercial - Retailer,Active,NV,,,,,,,,,,,,,,,2024-03-24T22:13:13.801562,36.0171469,-115.1171168,Clark County,89123
The Source,The Source,"9480 S. Eastern Ave. Ste. 185, 190",Adult-Use,Henderson,Y,NVCCB,Nevada Cannabis Compliance Board,Commercial - Retailer,Active,NV,,,,,,,,,,,,,,,2024-03-24T22:13:13.801562,36.0171469,-115.1171168,Clark County,89123
The Source,The Source,"9480 S. Eastern Ave. Ste. 185, 190",Adult-Use,Henderson,Y,NVCCB,Nevada Cannabis Compliance Board,Commercial - Retailer,Active,NV,,,,,,,,,,,,,,,2024-03-24T22:13:13.801562,36.0171469,-115.1171168,Clark County,89123
The Source,The Source,"9480 S. Eastern Ave. Ste. 185, 190",Adult-Use,Henderson,Y,NVCCB,Nevada Cannabis Compliance Board,Commercial - Retailer,Active,NV,,,,,,,,,,,,,,,2024-03-24T22:13:13.801562,36.0171469,-115.1171168,Clark County,89123
The Source,The Source,"9480 S. Eastern Ave. Ste. 185, 190",Adult-Use,Henderson,Y,NVCCB,Nevada Cannabis Compliance Board,Commercial - Retailer,Active,NV,,,,,,,,,,,,,,,2024-03-24T22:13:13.801562,36.0171469,-115.1171168,Clark County,89123
The Source,The Source,"9480 S. Eastern Ave. Ste. 185, 190",Adult-Use,Henderson,Y,NVCCB,Nevada Cannabis Compliance Board,Commercial - Retailer,Active,NV,,,,,,,,,,,,,,,2024-03-24T22:13:13.801562,36.0171469,-115.1171168,Clark County,89123
Beyond/Hello,Beyond/Hello,877 Tahoe Blvd.,Adult-Use,Incline Village,Y,NVCCB,Nevada Cannabis Compliance Board,Commercial - Retailer,Active,NV,,,,,,,,,,,,,,,2024-03-24T22:13:13.801562,39.24946420000001,-119.9550143,Washoe County,89451
Beyond/Hello,Beyond/Hello,877 Tahoe Blvd.,Adult-Use,Incline Village,Y,NVCCB,Nevada Cannabis Compliance Board,Commercial - Retailer,Active,NV,,,,,,,,,,,,,,,2024-03-24T22:13:13.801562,39.24946420000001,-119.9550143,Washoe County,89451
Thrive Cannabis Marketplace,Thrive Cannabis Marketplace,1868 Royal Dr.,Adult-Use,Jackpot,N,NVCCB,Nevada Cannabis Compliance Board,Commercial - Retailer,Active,NV,,,,,,,,,,,,,,,2024-03-24T22:13:13.801562,41.980344,-114.673375,Elko County,89825
Thrive Cannabis Marketplace,Thrive Cannabis Marketplace,1868 Royal Dr.,Adult-Use,Jackpot,N,NVCCB,Nevada Cannabis Compliance Board,Commercial - Retailer,Active,NV,,,,,,,,,,,,,,,2024-03-24T22:13:13.801562,41.980344,-114.673375,Elko County,89825
ZenLeaf,ZenLeaf,9120 W. Post Rd. Ste. 103,Adult-Use,Las Vegas & Unincorporated Clark County,,NVCCB,Nevada Cannabis Compliance Board,Commercial - Retailer,Active,NV,,,,,,,,,,,,,,,2024-03-24T22:13:13.801562,36.0745682,-115.2910839,Clark County,89148
ZenLeaf,ZenLeaf,9120 W. Post Rd. Ste. 103,Adult-Use,Las Vegas & Unincorporated Clark County,,NVCCB,Nevada Cannabis Compliance Board,Commercial - Retailer,Active,NV,,,,,,,,,,,,,,,2024-03-24T22:13:13.801562,36.0745682,-115.2910839,Clark County,89148
ZenLeaf,ZenLeaf,9120 W. Post Rd. Ste. 103,Adult-Use,Las Vegas & Unincorporated Clark County,,NVCCB,Nevada Cannabis Compliance Board,Commercial - Retailer,Active,NV,,,,,,,,,,,,,,,2024-03-24T22:13:13.801562,36.0745682,-115.2910839,Clark County,89148
ZenLeaf,ZenLeaf,9120 W. Post Rd. Ste. 103,Adult-Use,Las Vegas & Unincorporated Clark County,,NVCCB,Nevada Cannabis Compliance Board,Commercial - Retailer,Active,NV,,,,,,,,,,,,,,,2024-03-24T22:13:13.801562,36.0745682,-115.2910839,Clark County,89148
ZenLeaf,ZenLeaf,9120 W. Post Rd. Ste. 103,Adult-Use,Las Vegas & Unincorporated Clark County,,NVCCB,Nevada Cannabis Compliance Board,Commercial - Retailer,Active,NV,,,,,,,,,,,,,,,2024-03-24T22:13:13.801562,36.0745682,-115.2910839,Clark County,89148
ZenLeaf,ZenLeaf,9120 W. Post Rd. Ste. 103,Adult-Use,Las Vegas & Unincorporated Clark County,,NVCCB,Nevada Cannabis Compliance Board,Commercial - Retailer,Active,NV,,,,,,,,,,,,,,,2024-03-24T22:13:13.801562,36.0745682,-115.2910839,Clark County,89148
ZenLeaf,ZenLeaf,9120 W. Post Rd. Ste. 103,Adult-Use,Las Vegas & Unincorporated Clark County,,NVCCB,Nevada Cannabis Compliance Board,Commercial - Retailer,Active,NV,,,,,,,,,,,,,,,2024-03-24T22:13:13.801562,36.0745682,-115.2910839,Clark County,89148
ZenLeaf,ZenLeaf,9120 W. Post Rd. Ste. 103,Adult-Use,Las Vegas & Unincorporated Clark County,,NVCCB,Nevada Cannabis Compliance Board,Commercial - Retailer,Active,NV,,,,,,,,,,,,,,,2024-03-24T22:13:13.801562,36.0745682,-115.2910839,Clark County,89148
ZenLeaf,ZenLeaf,9120 W. Post Rd. Ste. 103,Adult-Use,Las Vegas & Unincorporated Clark County,,NVCCB,Nevada Cannabis Compliance Board,Commercial - Retailer,Active,NV,,,,,,,,,,,,,,,2024-03-24T22:13:13.801562,36.0745682,-115.2910839,Clark County,89148
ZenLeaf,ZenLeaf,9120 W. Post Rd. Ste. 103,Adult-Use,Las Vegas & Unincorporated Clark County,,NVCCB,Nevada Cannabis Compliance Board,Commercial - Retailer,Active,NV,,,,,,,,,,,,,,,2024-03-24T22:13:13.801562,36.0745682,-115.2910839,Clark County,89148
ZenLeaf,ZenLeaf,9120 W. Post Rd. Ste. 103,Adult-Use,Las Vegas & Unincorporated Clark County,,NVCCB,Nevada Cannabis Compliance Board,Commercial - Retailer,Active,NV,,,,,,,,,,,,,,,2024-03-24T22:13:13.801562,36.0745682,-115.2910839,Clark County,89148
ZenLeaf,ZenLeaf,9120 W. Post Rd. Ste. 103,Adult-Use,Las Vegas & Unincorporated Clark County,,NVCCB,Nevada Cannabis Compliance Board,Commercial - Retailer,Active,NV,,,,,,,,,,,,,,,2024-03-24T22:13:13.801562,36.0745682,-115.2910839,Clark County,89148
ZenLeaf,ZenLeaf,9120 W. Post Rd. Ste. 103,Adult-Use,Las Vegas & Unincorporated Clark County,,NVCCB,Nevada Cannabis Compliance Board,Commercial - Retailer,Active,NV,,,,,,,,,,,,,,,2024-03-24T22:13:13.801562,36.0745682,-115.2910839,Clark County,89148
ZenLeaf,ZenLeaf,9120 W. Post Rd. Ste. 103,Adult-Use,Las Vegas & Unincorporated Clark County,,NVCCB,Nevada Cannabis Compliance Board,Commercial - Retailer,Active,NV,,,,,,,,,,,,,,,2024-03-24T22:13:13.801562,36.0745682,-115.2910839,Clark County,89148
ZenLeaf,ZenLeaf,9120 W. Post Rd. Ste. 103,Adult-Use,Las Vegas & Unincorporated Clark County,,NVCCB,Nevada Cannabis Compliance Board,Commercial - Retailer,Active,NV,,,,,,,,,,,,,,,2024-03-24T22:13:13.801562,36.0745682,-115.2910839,Clark County,89148
ZenLeaf,ZenLeaf,9120 W. Post Rd. Ste. 103,Adult-Use,Las Vegas & Unincorporated Clark County,,NVCCB,Nevada Cannabis Compliance Board,Commercial - Retailer,Active,NV,,,,,,,,,,,,,,,2024-03-24T22:13:13.801562,36.0745682,-115.2910839,Clark County,89148
ZenLeaf,ZenLeaf,9120 W. Post Rd. Ste. 103,Adult-Use,Las Vegas & Unincorporated Clark County,,NVCCB,Nevada Cannabis Compliance Board,Commercial - Retailer,Active,NV,,,,,,,,,,,,,,,2024-03-24T22:13:13.801562,36.0745682,-115.2910839,Clark County,89148
ZenLeaf,ZenLeaf,9120 W. Post Rd. Ste. 103,Adult-Use,Las Vegas & Unincorporated Clark County,,NVCCB,Nevada Cannabis Compliance Board,Commercial - Retailer,Active,NV,,,,,,,,,,,,,,,2024-03-24T22:13:13.801562,36.0745682,-115.2910839,Clark County,89148
ZenLeaf,ZenLeaf,9120 W. Post Rd. Ste. 103,Adult-Use,Las Vegas & Unincorporated Clark County,,NVCCB,Nevada Cannabis Compliance Board,Commercial - Retailer,Active,NV,,,,,,,,,,,,,,,2024-03-24T22:13:13.801562,36.0745682,-115.2910839,Clark County,89148
ZenLeaf,ZenLeaf,9120 W. Post Rd. Ste. 103,Adult-Use,Las Vegas & Unincorporated Clark County,,NVCCB,Nevada Cannabis Compliance Board,Commercial - Retailer,Active,NV,,,,,,,,,,,,,,,2024-03-24T22:13:13.801562,36.0745682,-115.2910839,Clark County,89148
ZenLeaf,ZenLeaf,9120 W. Post Rd. Ste. 103,Adult-Use,Las Vegas & Unincorporated Clark County,,NVCCB,Nevada Cannabis Compliance Board,Commercial - Retailer,Active,NV,,,,,,,,,,,,,,,2024-03-24T22:13:13.801562,36.0745682,-115.2910839,Clark County,89148
ZenLeaf,ZenLeaf,9120 W. Post Rd. Ste. 103,Adult-Use,Las Vegas & Unincorporated Clark County,,NVCCB,Nevada Cannabis Compliance Board,Commercial - Retailer,Active,NV,,,,,,,,,,,,,,,2024-03-24T22:13:13.801562,36.0745682,-115.2910839,Clark County,89148
ZenLeaf,ZenLeaf,9120 W. Post Rd. Ste. 103,Adult-Use,Las Vegas & Unincorporated Clark County,,NVCCB,Nevada Cannabis Compliance Board,Commercial - Retailer,Active,NV,,,,,,,,,,,,,,,2024-03-24T22:13:13.801562,36.0745682,-115.2910839,Clark County,89148
ZenLeaf,ZenLeaf,9120 W. Post Rd. Ste. 103,Adult-Use,Las Vegas & Unincorporated Clark County,,NVCCB,Nevada Cannabis Compliance Board,Commercial - Retailer,Active,NV,,,,,,,,,,,,,,,2024-03-24T22:13:13.801562,36.0745682,-115.2910839,Clark County,89148
ZenLeaf,ZenLeaf,9120 W. Post Rd. Ste. 103,Adult-Use,Las Vegas & Unincorporated Clark County,,NVCCB,Nevada Cannabis Compliance Board,Commercial - Retailer,Active,NV,,,,,,,,,,,,,,,2024-03-24T22:13:13.801562,36.0745682,-115.2910839,Clark County,89148
ZenLeaf,ZenLeaf,9120 W. Post Rd. Ste. 103,Adult-Use,Las Vegas & Unincorporated Clark County,,NVCCB,Nevada Cannabis Compliance Board,Commercial - Retailer,Active,NV,,,,,,,,,,,,,,,2024-03-24T22:13:13.801562,36.0745682,-115.2910839,Clark County,89148
ZenLeaf,ZenLeaf,9120 W. Post Rd. Ste. 103,Adult-Use,Las Vegas & Unincorporated Clark County,,NVCCB,Nevada Cannabis Compliance Board,Commercial - Retailer,Active,NV,,,,,,,,,,,,,,,2024-03-24T22:13:13.801562,36.0745682,-115.2910839,Clark County,89148
ZenLeaf,ZenLeaf,9120 W. Post Rd. Ste. 103,Adult-Use,Las Vegas & Unincorporated Clark County,,NVCCB,Nevada Cannabis Compliance Board,Commercial - Retailer,Active,NV,,,,,,,,,,,,,,,2024-03-24T22:13:13.801562,36.0745682,-115.2910839,Clark County,89148
ZenLeaf,ZenLeaf,9120 W. Post Rd. Ste. 103,Adult-Use,Las Vegas & Unincorporated Clark County,,NVCCB,Nevada Cannabis Compliance Board,Commercial - Retailer,Active,NV,,,,,,,,,,,,,,,2024-03-24T22:13:13.801562,36.0745682,-115.2910839,Clark County,89148
ZenLeaf,ZenLeaf,9120 W. Post Rd. Ste. 103,Adult-Use,Las Vegas & Unincorporated Clark County,,NVCCB,Nevada Cannabis Compliance Board,Commercial - Retailer,Active,NV,,,,,,,,,,,,,,,2024-03-24T22:13:13.801562,36.0745682,-115.2910839,Clark County,89148
ZenLeaf,ZenLeaf,9120 W. Post Rd. Ste. 103,Adult-Use,Las Vegas & Unincorporated Clark County,,NVCCB,Nevada Cannabis Compliance Board,Commercial - Retailer,Active,NV,,,,,,,,,,,,,,,2024-03-24T22:13:13.801562,36.0745682,-115.2910839,Clark County,89148
ZenLeaf,ZenLeaf,9120 W. Post Rd. Ste. 103,Adult-Use,Las Vegas & Unincorporated Clark County,,NVCCB,Nevada Cannabis Compliance Board,Commercial - Retailer,Active,NV,,,,,,,,,,,,,,,2024-03-24T22:13:13.801562,36.0745682,-115.2910839,Clark County,89148
ZenLeaf,ZenLeaf,9120 W. Post Rd. Ste. 103,Adult-Use,Las Vegas & Unincorporated Clark County,,NVCCB,Nevada Cannabis Compliance Board,Commercial - Retailer,Active,NV,,,,,,,,,,,,,,,2024-03-24T22:13:13.801562,36.0745682,-115.2910839,Clark County,89148
ZenLeaf,ZenLeaf,9120 W. Post Rd. Ste. 103,Adult-Use,Las Vegas & Unincorporated Clark County,,NVCCB,Nevada Cannabis Compliance Board,Commercial - Retailer,Active,NV,,,,,,,,,,,,,,,2024-03-24T22:13:13.801562,36.0745682,-115.2910839,Clark County,89148
ZenLeaf,ZenLeaf,9120 W. Post Rd. Ste. 103,Adult-Use,Las Vegas & Unincorporated Clark County,,NVCCB,Nevada Cannabis Compliance Board,Commercial - Retailer,Active,NV,,,,,,,,,,,,,,,2024-03-24T22:13:13.801562,36.0745682,-115.2910839,Clark County,89148
ZenLeaf,ZenLeaf,9120 W. Post Rd. Ste. 103,Adult-Use,Las Vegas & Unincorporated Clark County,,NVCCB,Nevada Cannabis Compliance Board,Commercial - Retailer,Active,NV,,,,,,,,,,,,,,,2024-03-24T22:13:13.801562,36.0745682,-115.2910839,Clark County,89148
ZenLeaf,ZenLeaf,9120 W. Post Rd. Ste. 103,Adult-Use,Las Vegas & Unincorporated Clark County,,NVCCB,Nevada Cannabis Compliance Board,Commercial - Retailer,Active,NV,,,,,,,,,,,,,,,2024-03-24T22:13:13.801562,36.0745682,-115.2910839,Clark County,89148
ZenLeaf,ZenLeaf,9120 W. Post Rd. Ste. 103,Adult-Use,Las Vegas & Unincorporated Clark County,,NVCCB,Nevada Cannabis Compliance Board,Commercial - Retailer,Active,NV,,,,,,,,,,,,,,,2024-03-24T22:13:13.801562,36.0745682,-115.2910839,Clark County,89148
ZenLeaf,ZenLeaf,9120 W. Post Rd. Ste. 103,Adult-Use,Las Vegas & Unincorporated Clark County,,NVCCB,Nevada Cannabis Compliance Board,Commercial - Retailer,Active,NV,,,,,,,,,,,,,,,2024-03-24T22:13:13.801562,36.0745682,-115.2910839,Clark County,89148
ZenLeaf,ZenLeaf,9120 W. Post Rd. Ste. 103,Adult-Use,Las Vegas & Unincorporated Clark County,,NVCCB,Nevada Cannabis Compliance Board,Commercial - Retailer,Active,NV,,,,,,,,,,,,,,,2024-03-24T22:13:13.801562,36.0745682,-115.2910839,Clark County,89148
ZenLeaf,ZenLeaf,9120 W. Post Rd. Ste. 103,Adult-Use,Las Vegas & Unincorporated Clark County,,NVCCB,Nevada Cannabis Compliance Board,Commercial - Retailer,Active,NV,,,,,,,,,,,,,,,2024-03-24T22:13:13.801562,36.0745682,-115.2910839,Clark County,89148
ZenLeaf,ZenLeaf,9120 W. Post Rd. Ste. 103,Adult-Use,Las Vegas & Unincorporated Clark County,,NVCCB,Nevada Cannabis Compliance Board,Commercial - Retailer,Active,NV,,,,,,,,,,,,,,,2024-03-24T22:13:13.801562,36.0745682,-115.2910839,Clark County,89148
ZenLeaf,ZenLeaf,9120 W. Post Rd. Ste. 103,Adult-Use,Las Vegas & Unincorporated Clark County,,NVCCB,Nevada Cannabis Compliance Board,Commercial - Retailer,Active,NV,,,,,,,,,,,,,,,2024-03-24T22:13:13.801562,36.0745682,-115.2910839,Clark County,89148
ZenLeaf,ZenLeaf,9120 W. Post Rd. Ste. 103,Adult-Use,Las Vegas & Unincorporated Clark County,,NVCCB,Nevada Cannabis Compliance Board,Commercial - Retailer,Active,NV,,,,,,,,,,,,,,,2024-03-24T22:13:13.801562,36.0745682,-115.2910839,Clark County,89148
ZenLeaf,ZenLeaf,9120 W. Post Rd. Ste. 103,Adult-Use,Las Vegas & Unincorporated Clark County,,NVCCB,Nevada Cannabis Compliance Board,Commercial - Retailer,Active,NV,,,,,,,,,,,,,,,2024-03-24T22:13:13.801562,36.0745682,-115.2910839,Clark County,89148
ZenLeaf,ZenLeaf,9120 W. Post Rd. Ste. 103,Adult-Use,Las Vegas & Unincorporated Clark County,,NVCCB,Nevada Cannabis Compliance Board,Commercial - Retailer,Active,NV,,,,,,,,,,,,,,,2024-03-24T22:13:13.801562,36.0745682,-115.2910839,Clark County,89148
ZenLeaf,ZenLeaf,9120 W. Post Rd. Ste. 103,Adult-Use,Las Vegas & Unincorporated Clark County,,NVCCB,Nevada Cannabis Compliance Board,Commercial - Retailer,Active,NV,,,,,,,,,,,,,,,2024-03-24T22:13:13.801562,36.0745682,-115.2910839,Clark County,89148
ZenLeaf,ZenLeaf,9120 W. Post Rd. Ste. 103,Adult-Use,Las Vegas & Unincorporated Clark County,,NVCCB,Nevada Cannabis Compliance Board,Commercial - Retailer,Active,NV,,,,,,,,,,,,,,,2024-03-24T22:13:13.801562,36.0745682,-115.2910839,Clark County,89148
ZenLeaf,ZenLeaf,9120 W. Post Rd. Ste. 103,Adult-Use,Las Vegas & Unincorporated Clark County,,NVCCB,Nevada Cannabis Compliance Board,Commercial - Retailer,Active,NV,,,,,,,,,,,,,,,2024-03-24T22:13:13.801562,36.0745682,-115.2910839,Clark County,89148
ZenLeaf,ZenLeaf,9120 W. Post Rd. Ste. 103,Adult-Use,Las Vegas & Unincorporated Clark County,,NVCCB,Nevada Cannabis Compliance Board,Commercial - Retailer,Active,NV,,,,,,,,,,,,,,,2024-03-24T22:13:13.801562,36.0745682,-115.2910839,Clark County,89148
ZenLeaf,ZenLeaf,9120 W. Post Rd. Ste. 103,Adult-Use,Las Vegas & Unincorporated Clark County,,NVCCB,Nevada Cannabis Compliance Board,Commercial - Retailer,Active,NV,,,,,,,,,,,,,,,2024-03-24T22:13:13.801562,36.0745682,-115.2910839,Clark County,89148
ZenLeaf,ZenLeaf,9120 W. Post Rd. Ste. 103,Adult-Use,Las Vegas & Unincorporated Clark County,,NVCCB,Nevada Cannabis Compliance Board,Commercial - Retailer,Active,NV,,,,,,,,,,,,,,,2024-03-24T22:13:13.801562,36.0745682,-115.2910839,Clark County,89148
ZenLeaf,ZenLeaf,9120 W. Post Rd. Ste. 103,Adult-Use,Las Vegas & Unincorporated Clark County,,NVCCB,Nevada Cannabis Compliance Board,Commercial - Retailer,Active,NV,,,,,,,,,,,,,,,2024-03-24T22:13:13.801562,36.0745682,-115.2910839,Clark County,89148
ZenLeaf,ZenLeaf,9120 W. Post Rd. Ste. 103,Adult-Use,Las Vegas & Unincorporated Clark County,,NVCCB,Nevada Cannabis Compliance Board,Commercial - Retailer,Active,NV,,,,,,,,,,,,,,,2024-03-24T22:13:13.801562,36.0745682,-115.2910839,Clark County,89148
ZenLeaf,ZenLeaf,9120 W. Post Rd. Ste. 103,Adult-Use,Las Vegas & Unincorporated Clark County,,NVCCB,Nevada Cannabis Compliance Board,Commercial - Retailer,Active,NV,,,,,,,,,,,,,,,2024-03-24T22:13:13.801562,36.0745682,-115.2910839,Clark County,89148
ZenLeaf,ZenLeaf,9120 W. Post Rd. Ste. 103,Adult-Use,Las Vegas & Unincorporated Clark County,,NVCCB,Nevada Cannabis Compliance Board,Commercial - Retailer,Active,NV,,,,,,,,,,,,,,,2024-03-24T22:13:13.801562,36.0745682,-115.2910839,Clark County,89148
ZenLeaf,ZenLeaf,9120 W. Post Rd. Ste. 103,Adult-Use,Las Vegas & Unincorporated Clark County,,NVCCB,Nevada Cannabis Compliance Board,Commercial - Retailer,Active,NV,,,,,,,,,,,,,,,2024-03-24T22:13:13.801562,36.0745682,-115.2910839,Clark County,89148
ZenLeaf,ZenLeaf,9120 W. Post Rd. Ste. 103,Adult-Use,Las Vegas & Unincorporated Clark County,,NVCCB,Nevada Cannabis Compliance Board,Commercial - Retailer,Active,NV,,,,,,,,,,,,,,,2024-03-24T22:13:13.801562,36.0745682,-115.2910839,Clark County,89148
ZenLeaf,ZenLeaf,9120 W. Post Rd. Ste. 103,Adult-Use,Las Vegas & Unincorporated Clark County,,NVCCB,Nevada Cannabis Compliance Board,Commercial - Retailer,Active,NV,,,,,,,,,,,,,,,2024-03-24T22:13:13.801562,36.0745682,-115.2910839,Clark County,89148
ZenLeaf,ZenLeaf,9120 W. Post Rd. Ste. 103,Adult-Use,Las Vegas & Unincorporated Clark County,,NVCCB,Nevada Cannabis Compliance Board,Commercial - Retailer,Active,NV,,,,,,,,,,,,,,,2024-03-24T22:13:13.801562,36.0745682,-115.2910839,Clark County,89148
ZenLeaf,ZenLeaf,9120 W. Post Rd. Ste. 103,Adult-Use,Las Vegas & Unincorporated Clark County,,NVCCB,Nevada Cannabis Compliance Board,Commercial - Retailer,Active,NV,,,,,,,,,,,,,,,2024-03-24T22:13:13.801562,36.0745682,-115.2910839,Clark County,89148
ZenLeaf,ZenLeaf,9120 W. Post Rd. Ste. 103,Adult-Use,Las Vegas & Unincorporated Clark County,,NVCCB,Nevada Cannabis Compliance Board,Commercial - Retailer,Active,NV,,,,,,,,,,,,,,,2024-03-24T22:13:13.801562,36.0745682,-115.2910839,Clark County,89148
ZenLeaf,ZenLeaf,9120 W. Post Rd. Ste. 103,Adult-Use,Las Vegas & Unincorporated Clark County,,NVCCB,Nevada Cannabis Compliance Board,Commercial - Retailer,Active,NV,,,,,,,,,,,,,,,2024-03-24T22:13:13.801562,36.0745682,-115.2910839,Clark County,89148
ZenLeaf,ZenLeaf,9120 W. Post Rd. Ste. 103,Adult-Use,Las Vegas & Unincorporated Clark County,,NVCCB,Nevada Cannabis Compliance Board,Commercial - Retailer,Active,NV,,,,,,,,,,,,,,,2024-03-24T22:13:13.801562,36.0745682,-115.2910839,Clark County,89148
ZenLeaf,ZenLeaf,9120 W. Post Rd. Ste. 103,Adult-Use,Las Vegas & Unincorporated Clark County,,NVCCB,Nevada Cannabis Compliance Board,Commercial - Retailer,Active,NV,,,,,,,,,,,,,,,2024-03-24T22:13:13.801562,36.0745682,-115.2910839,Clark County,89148
ZenLeaf,ZenLeaf,9120 W. Post Rd. Ste. 103,Adult-Use,Las Vegas & Unincorporated Clark County,,NVCCB,Nevada Cannabis Compliance Board,Commercial - Retailer,Active,NV,,,,,,,,,,,,,,,2024-03-24T22:13:13.801562,36.0745682,-115.2910839,Clark County,89148
ZenLeaf,ZenLeaf,9120 W. Post Rd. Ste. 103,Adult-Use,Las Vegas & Unincorporated Clark County,,NVCCB,Nevada Cannabis Compliance Board,Commercial - Retailer,Active,NV,,,,,,,,,,,,,,,2024-03-24T22:13:13.801562,36.0745682,-115.2910839,Clark County,89148
ZenLeaf,ZenLeaf,9120 W. Post Rd. Ste. 103,Adult-Use,Las Vegas & Unincorporated Clark County,,NVCCB,Nevada Cannabis Compliance Board,Commercial - Retailer,Active,NV,,,,,,,,,,,,,,,2024-03-24T22:13:13.801562,36.0745682,-115.2910839,Clark County,89148
ZenLeaf,ZenLeaf,9120 W. Post Rd. Ste. 103,Adult-Use,Las Vegas & Unincorporated Clark County,,NVCCB,Nevada Cannabis Compliance Board,Commercial - Retailer,Active,NV,,,,,,,,,,,,,,,2024-03-24T22:13:13.801562,36.0745682,-115.2910839,Clark County,89148
ZenLeaf,ZenLeaf,9120 W. Post Rd. Ste. 103,Adult-Use,Las Vegas & Unincorporated Clark County,,NVCCB,Nevada Cannabis Compliance Board,Commercial - Retailer,Active,NV,,,,,,,,,,,,,,,2024-03-24T22:13:13.801562,36.0745682,-115.2910839,Clark County,89148
ZenLeaf,ZenLeaf,9120 W. Post Rd. Ste. 103,Adult-Use,Las Vegas & Unincorporated Clark County,,NVCCB,Nevada Cannabis Compliance Board,Commercial - Retailer,Active,NV,,,,,,,,,,,,,,,2024-03-24T22:13:13.801562,36.0745682,-115.2910839,Clark County,89148
ZenLeaf,ZenLeaf,9120 W. Post Rd. Ste. 103,Adult-Use,Las Vegas & Unincorporated Clark County,,NVCCB,Nevada Cannabis Compliance Board,Commercial - Retailer,Active,NV,,,,,,,,,,,,,,,2024-03-24T22:13:13.801562,36.0745682,-115.2910839,Clark County,89148
ZenLeaf,ZenLeaf,9120 W. Post Rd. Ste. 103,Adult-Use,Las Vegas & Unincorporated Clark County,,NVCCB,Nevada Cannabis Compliance Board,Commercial - Retailer,Active,NV,,,,,,,,,,,,,,,2024-03-24T22:13:13.801562,36.0745682,-115.2910839,Clark County,89148
ZenLeaf,ZenLeaf,9120 W. Post Rd. Ste. 103,Adult-Use,Las Vegas & Unincorporated Clark County,,NVCCB,Nevada Cannabis Compliance Board,Commercial - Retailer,Active,NV,,,,,,,,,,,,,,,2024-03-24T22:13:13.801562,36.0745682,-115.2910839,Clark County,89148
ZenLeaf,ZenLeaf,9120 W. Post Rd. Ste. 103,Adult-Use,Las Vegas & Unincorporated Clark County,,NVCCB,Nevada Cannabis Compliance Board,Commercial - Retailer,Active,NV,,,,,,,,,,,,,,,2024-03-24T22:13:13.801562,36.0745682,-115.2910839,Clark County,89148
ZenLeaf,ZenLeaf,9120 W. Post Rd. Ste. 103,Adult-Use,Las Vegas & Unincorporated Clark County,,NVCCB,Nevada Cannabis Compliance Board,Commercial - Retailer,Active,NV,,,,,,,,,,,,,,,2024-03-24T22:13:13.801562,36.0745682,-115.2910839,Clark County,89148
ZenLeaf,ZenLeaf,9120 W. Post Rd. Ste. 103,Adult-Use,Las Vegas & Unincorporated Clark County,,NVCCB,Nevada Cannabis Compliance Board,Commercial - Retailer,Active,NV,,,,,,,,,,,,,,,2024-03-24T22:13:13.801562,36.0745682,-115.2910839,Clark County,89148
ZenLeaf,ZenLeaf,9120 W. Post Rd. Ste. 103,Adult-Use,Las Vegas & Unincorporated Clark County,,NVCCB,Nevada Cannabis Compliance Board,Commercial - Retailer,Active,NV,,,,,,,,,,,,,,,2024-03-24T22:13:13.801562,36.0745682,-115.2910839,Clark County,89148
ZenLeaf,ZenLeaf,9120 W. Post Rd. Ste. 103,Adult-Use,Las Vegas & Unincorporated Clark County,,NVCCB,Nevada Cannabis Compliance Board,Commercial - Retailer,Active,NV,,,,,,,,,,,,,,,2024-03-24T22:13:13.801562,36.0745682,-115.2910839,Clark County,89148
ZenLeaf,ZenLeaf,9120 W. Post Rd. Ste. 103,Adult-Use,Las Vegas & Unincorporated Clark County,,NVCCB,Nevada Cannabis Compliance Board,Commercial - Retailer,Active,NV,,,,,,,,,,,,,,,2024-03-24T22:13:13.801562,36.0745682,-115.2910839,Clark County,89148
ZenLeaf,ZenLeaf,9120 W. Post Rd. Ste. 103,Adult-Use,Las Vegas & Unincorporated Clark County,,NVCCB,Nevada Cannabis Compliance Board,Commercial - Retailer,Active,NV,,,,,,,,,,,,,,,2024-03-24T22:13:13.801562,36.0745682,-115.2910839,Clark County,89148
ZenLeaf,ZenLeaf,9120 W. Post Rd. Ste. 103,Adult-Use,Las Vegas & Unincorporated Clark County,,NVCCB,Nevada Cannabis Compliance Board,Commercial - Retailer,Active,NV,,,,,,,,,,,,,,,2024-03-24T22:13:13.801562,36.0745682,-115.2910839,Clark County,89148
ZenLeaf,ZenLeaf,9120 W. Post Rd. Ste. 103,Adult-Use,Las Vegas & Unincorporated Clark County,,NVCCB,Nevada Cannabis Compliance Board,Commercial - Retailer,Active,NV,,,,,,,,,,,,,,,2024-03-24T22:13:13.801562,36.0745682,-115.2910839,Clark County,89148
ZenLeaf,ZenLeaf,9120 W. Post Rd. Ste. 103,Adult-Use,Las Vegas & Unincorporated Clark County,,NVCCB,Nevada Cannabis Compliance Board,Commercial - Retailer,Active,NV,,,,,,,,,,,,,,,2024-03-24T22:13:13.801562,36.0745682,-115.2910839,Clark County,89148
ZenLeaf,ZenLeaf,9120 W. Post Rd. Ste. 103,Adult-Use,Las Vegas & Unincorporated Clark County,,NVCCB,Nevada Cannabis Compliance Board,Commercial - Retailer,Active,NV,,,,,,,,,,,,,,,2024-03-24T22:13:13.801562,36.0745682,-115.2910839,Clark County,89148
ZenLeaf,ZenLeaf,9120 W. Post Rd. Ste. 103,Adult-Use,Las Vegas & Unincorporated Clark County,,NVCCB,Nevada Cannabis Compliance Board,Commercial - Retailer,Active,NV,,,,,,,,,,,,,,,2024-03-24T22:13:13.801562,36.0745682,-115.2910839,Clark County,89148
ZenLeaf,ZenLeaf,9120 W. Post Rd. Ste. 103,Adult-Use,Las Vegas & Unincorporated Clark County,,NVCCB,Nevada Cannabis Compliance Board,Commercial - Retailer,Active,NV,,,,,,,,,,,,,,,2024-03-24T22:13:13.801562,36.0745682,-115.2910839,Clark County,89148
ZenLeaf,ZenLeaf,9120 W. Post Rd. Ste. 103,Adult-Use,Las Vegas & Unincorporated Clark County,,NVCCB,Nevada Cannabis Compliance Board,Commercial - Retailer,Active,NV,,,,,,,,,,,,,,,2024-03-24T22:13:13.801562,36.0745682,-115.2910839,Clark County,89148
ZenLeaf,ZenLeaf,9120 W. Post Rd. Ste. 103,Adult-Use,Las Vegas & Unincorporated Clark County,,NVCCB,Nevada Cannabis Compliance Board,Commercial - Retailer,Active,NV,,,,,,,,,,,,,,,2024-03-24T22:13:13.801562,36.0745682,-115.2910839,Clark County,89148
ZenLeaf,ZenLeaf,9120 W. Post Rd. Ste. 103,Adult-Use,Las Vegas & Unincorporated Clark County,,NVCCB,Nevada Cannabis Compliance Board,Commercial - Retailer,Active,NV,,,,,,,,,,,,,,,2024-03-24T22:13:13.801562,36.0745682,-115.2910839,Clark County,89148
ZenLeaf,ZenLeaf,9120 W. Post Rd. Ste. 103,Adult-Use,Las Vegas & Unincorporated Clark County,,NVCCB,Nevada Cannabis Compliance Board,Commercial - Retailer,Active,NV,,,,,,,,,,,,,,,2024-03-24T22:13:13.801562,36.0745682,-115.2910839,Clark County,89148
ZenLeaf,ZenLeaf,9120 W. Post Rd. Ste. 103,Adult-Use,Las Vegas & Unincorporated Clark County,,NVCCB,Nevada Cannabis Compliance Board,Commercial - Retailer,Active,NV,,,,,,,,,,,,,,,2024-03-24T22:13:13.801562,36.0745682,-115.2910839,Clark County,89148
ZenLeaf,ZenLeaf,9120 W. Post Rd. Ste. 103,Adult-Use,Las Vegas & Unincorporated Clark County,,NVCCB,Nevada Cannabis Compliance Board,Commercial - Retailer,Active,NV,,,,,,,,,,,,,,,2024-03-24T22:13:13.801562,36.0745682,-115.2910839,Clark County,89148
ZenLeaf,ZenLeaf,9120 W. Post Rd. Ste. 103,Adult-Use,Las Vegas & Unincorporated Clark County,,NVCCB,Nevada Cannabis Compliance Board,Commercial - Retailer,Active,NV,,,,,,,,,,,,,,,2024-03-24T22:13:13.801562,36.0745682,-115.2910839,Clark County,89148
ZenLeaf,ZenLeaf,9120 W. Post Rd. Ste. 103,Adult-Use,Las Vegas & Unincorporated Clark County,,NVCCB,Nevada Cannabis Compliance Board,Commercial - Retailer,Active,NV,,,,,,,,,,,,,,,2024-03-24T22:13:13.801562,36.0745682,-115.2910839,Clark County,89148
ZenLeaf,ZenLeaf,9120 W. Post Rd. Ste. 103,Adult-Use,Las Vegas & Unincorporated Clark County,,NVCCB,Nevada Cannabis Compliance Board,Commercial - Retailer,Active,NV,,,,,,,,,,,,,,,2024-03-24T22:13:13.801562,36.0745682,-115.2910839,Clark County,89148
ZenLeaf,ZenLeaf,9120 W. Post Rd. Ste. 103,Adult-Use,Las Vegas & Unincorporated Clark County,,NVCCB,Nevada Cannabis Compliance Board,Commercial - Retailer,Active,NV,,,,,,,,,,,,,,,2024-03-24T22:13:13.801562,36.0745682,-115.2910839,Clark County,89148
ZenLeaf,ZenLeaf,9120 W. Post Rd. Ste. 103,Adult-Use,Las Vegas & Unincorporated Clark County,,NVCCB,Nevada Cannabis Compliance Board,Commercial - Retailer,Active,NV,,,,,,,,,,,,,,,2024-03-24T22:13:13.801562,36.0745682,-115.2910839,Clark County,89148
ZenLeaf,ZenLeaf,9120 W. Post Rd. Ste. 103,Adult-Use,Las Vegas & Unincorporated Clark County,,NVCCB,Nevada Cannabis Compliance Board,Commercial - Retailer,Active,NV,,,,,,,,,,,,,,,2024-03-24T22:13:13.801562,36.0745682,-115.2910839,Clark County,89148
ZenLeaf,ZenLeaf,9120 W. Post Rd. Ste. 103,Adult-Use,Las Vegas & Unincorporated Clark County,,NVCCB,Nevada Cannabis Compliance Board,Commercial - Retailer,Active,NV,,,,,,,,,,,,,,,2024-03-24T22:13:13.801562,36.0745682,-115.2910839,Clark County,89148
ZenLeaf,ZenLeaf,9120 W. Post Rd. Ste. 103,Adult-Use,Las Vegas & Unincorporated Clark County,,NVCCB,Nevada Cannabis Compliance Board,Commercial - Retailer,Active,NV,,,,,,,,,,,,,,,2024-03-24T22:13:13.801562,36.0745682,-115.2910839,Clark County,89148
ZenLeaf,ZenLeaf,9120 W. Post Rd. Ste. 103,Adult-Use,Las Vegas & Unincorporated Clark County,,NVCCB,Nevada Cannabis Compliance Board,Commercial - Retailer,Active,NV,,,,,,,,,,,,,,,2024-03-24T22:13:13.801562,36.0745682,-115.2910839,Clark County,89148
ZenLeaf,ZenLeaf,9120 W. Post Rd. Ste. 103,Adult-Use,Las Vegas & Unincorporated Clark County,,NVCCB,Nevada Cannabis Compliance Board,Commercial - Retailer,Active,NV,,,,,,,,,,,,,,,2024-03-24T22:13:13.801562,36.0745682,-115.2910839,Clark County,89148
ZenLeaf,ZenLeaf,9120 W. Post Rd. Ste. 103,Adult-Use,Las Vegas & Unincorporated Clark County,,NVCCB,Nevada Cannabis Compliance Board,Commercial - Retailer,Active,NV,,,,,,,,,,,,,,,2024-03-24T22:13:13.801562,36.0745682,-115.2910839,Clark County,89148
ZenLeaf,ZenLeaf,9120 W. Post Rd. Ste. 103,Adult-Use,Las Vegas & Unincorporated Clark County,,NVCCB,Nevada Cannabis Compliance Board,Commercial - Retailer,Active,NV,,,,,,,,,,,,,,,2024-03-24T22:13:13.801562,36.0745682,-115.2910839,Clark County,89148
ZenLeaf,ZenLeaf,9120 W. Post Rd. Ste. 103,Adult-Use,Las Vegas & Unincorporated Clark County,,NVCCB,Nevada Cannabis Compliance Board,Commercial - Retailer,Active,NV,,,,,,,,,,,,,,,2024-03-24T22:13:13.801562,36.0745682,-115.2910839,Clark County,89148
ZenLeaf,ZenLeaf,9120 W. Post Rd. Ste. 103,Adult-Use,Las Vegas & Unincorporated Clark County,,NVCCB,Nevada Cannabis Compliance Board,Commercial - Retailer,Active,NV,,,,,,,,,,,,,,,2024-03-24T22:13:13.801562,36.0745682,-115.2910839,Clark County,89148
ZenLeaf,ZenLeaf,9120 W. Post Rd. Ste. 103,Adult-Use,Las Vegas & Unincorporated Clark County,,NVCCB,Nevada Cannabis Compliance Board,Commercial - Retailer,Active,NV,,,,,,,,,,,,,,,2024-03-24T22:13:13.801562,36.0745682,-115.2910839,Clark County,89148
ZenLeaf,ZenLeaf,9120 W. Post Rd. Ste. 103,Adult-Use,Las Vegas & Unincorporated Clark County,,NVCCB,Nevada Cannabis Compliance Board,Commercial - Retailer,Active,NV,,,,,,,,,,,,,,,2024-03-24T22:13:13.801562,36.0745682,-115.2910839,Clark County,89148
ZenLeaf,ZenLeaf,9120 W. Post Rd. Ste. 103,Adult-Use,Las Vegas & Unincorporated Clark County,,NVCCB,Nevada Cannabis Compliance Board,Commercial - Retailer,Active,NV,,,,,,,,,,,,,,,2024-03-24T22:13:13.801562,36.0745682,-115.2910839,Clark County,89148
ZenLeaf,ZenLeaf,9120 W. Post Rd. Ste. 103,Adult-Use,Las Vegas & Unincorporated Clark County,,NVCCB,Nevada Cannabis Compliance Board,Commercial - Retailer,Active,NV,,,,,,,,,,,,,,,2024-03-24T22:13:13.801562,36.0745682,-115.2910839,Clark County,89148
ZenLeaf,ZenLeaf,9120 W. Post Rd. Ste. 103,Adult-Use,Las Vegas & Unincorporated Clark County,,NVCCB,Nevada Cannabis Compliance Board,Commercial - Retailer,Active,NV,,,,,,,,,,,,,,,2024-03-24T22:13:13.801562,36.0745682,-115.2910839,Clark County,89148
Nevada Made Marijuana,Nevada Made Marijuana,1975 S. Casino Dr.,Adult-Use,Laughlin,Y,NVCCB,Nevada Cannabis Compliance Board,Commercial - Retailer,Active,NV,,,,,,,,,,,,,,,2024-03-24T22:13:13.801562,35.1612844,-114.5751438,Clark County,89029
Nevada Made Marijuana,Nevada Made Marijuana,1975 S. Casino Dr.,Adult-Use,Laughlin,Y,NVCCB,Nevada Cannabis Compliance Board,Commercial - Retailer,Active,NV,,,,,,,,,,,,,,,2024-03-24T22:13:13.801562,35.1612844,-114.5751438,Clark County,89029
Deep Roots Harvest,Deep Roots Harvest,195 Willis Carrier Canyon,Adult-Use,Mesquite,N,NVCCB,Nevada Cannabis Compliance Board,Commercial - Retailer,Active,NV,,,,,,,,,,,,,,,2024-03-24T22:13:13.801562,36.805835,-114.121805,Clark County,89027
Deep Roots Harvest,Deep Roots Harvest,195 Willis Carrier Canyon,Adult-Use,Mesquite,N,NVCCB,Nevada Cannabis Compliance Board,Commercial - Retailer,Active,NV,,,,,,,,,,,,,,,2024-03-24T22:13:13.801562,36.805835,-114.121805,Clark County,89027
Battle Born Dispensary,Battle Born Dispensary,10115 U.S. Highway 50,Adult-Use,Mound House,,NVCCB,Nevada Cannabis Compliance Board,Commercial - Retailer,Active,NV,,,,,,,,,,,,,,,2024-03-24T22:13:13.801562,39.2152664,-119.6638142,Lyon County,89706
Battle Born Dispensary,Battle Born Dispensary,10115 U.S. Highway 50,Adult-Use,Mound House,,NVCCB,Nevada Cannabis Compliance Board,Commercial - Retailer,Active,NV,,,,,,,,,,,,,,,2024-03-24T22:13:13.801562,39.2152664,-119.6638142,Lyon County,89706
Zen Leaf North Las Vegas,Zen Leaf North Las Vegas,4444 Craig Rd.,Adult-Use,North Las Vegas,,NVCCB,Nevada Cannabis Compliance Board,Commercial - Retailer,Active,NV,,,,,,,,,,,,,,,2024-03-24T22:13:13.801562,36.2424253,-115.0768038,Clark County,89115
Zen Leaf North Las Vegas,Zen Leaf North Las Vegas,4444 Craig Rd.,Adult-Use,North Las Vegas,,NVCCB,Nevada Cannabis Compliance Board,Commercial - Retailer,Active,NV,,,,,,,,,,,,,,,2024-03-24T22:13:13.801562,36.2424253,-115.0768038,Clark County,89115
Zen Leaf North Las Vegas,Zen Leaf North Las Vegas,4444 Craig Rd.,Adult-Use,North Las Vegas,,NVCCB,Nevada Cannabis Compliance Board,Commercial - Retailer,Active,NV,,,,,,,,,,,,,,,2024-03-24T22:13:13.801562,36.2424253,-115.0768038,Clark County,89115
Zen Leaf North Las Vegas,Zen Leaf North Las Vegas,4444 Craig Rd.,Adult-Use,North Las Vegas,,NVCCB,Nevada Cannabis Compliance Board,Commercial - Retailer,Active,NV,,,,,,,,,,,,,,,2024-03-24T22:13:13.801562,36.2424253,-115.0768038,Clark County,89115
Zen Leaf North Las Vegas,Zen Leaf North Las Vegas,4444 Craig Rd.,Adult-Use,North Las Vegas,,NVCCB,Nevada Cannabis Compliance Board,Commercial - Retailer,Active,NV,,,,,,,,,,,,,,,2024-03-24T22:13:13.801562,36.2424253,-115.0768038,Clark County,89115
Zen Leaf North Las Vegas,Zen Leaf North Las Vegas,4444 Craig Rd.,Adult-Use,North Las Vegas,,NVCCB,Nevada Cannabis Compliance Board,Commercial - Retailer,Active,NV,,,,,,,,,,,,,,,2024-03-24T22:13:13.801562,36.2424253,-115.0768038,Clark County,89115
Zen Leaf North Las Vegas,Zen Leaf North Las Vegas,4444 Craig Rd.,Adult-Use,North Las Vegas,,NVCCB,Nevada Cannabis Compliance Board,Commercial - Retailer,Active,NV,,,,,,,,,,,,,,,2024-03-24T22:13:13.801562,36.2424253,-115.0768038,Clark County,89115
Zen Leaf North Las Vegas,Zen Leaf North Las Vegas,4444 Craig Rd.,Adult-Use,North Las Vegas,,NVCCB,Nevada Cannabis Compliance Board,Commercial - Retailer,Active,NV,,,,,,,,,,,,,,,2024-03-24T22:13:13.801562,36.2424253,-115.0768038,Clark County,89115
Zen Leaf North Las Vegas,Zen Leaf North Las Vegas,4444 Craig Rd.,Adult-Use,North Las Vegas,,NVCCB,Nevada Cannabis Compliance Board,Commercial - Retailer,Active,NV,,,,,,,,,,,,,,,2024-03-24T22:13:13.801562,36.2424253,-115.0768038,Clark County,89115
Zen Leaf North Las Vegas,Zen Leaf North Las Vegas,4444 Craig Rd.,Adult-Use,North Las Vegas,,NVCCB,Nevada Cannabis Compliance Board,Commercial - Retailer,Active,NV,,,,,,,,,,,,,,,2024-03-24T22:13:13.801562,36.2424253,-115.0768038,Clark County,89115
Zen Leaf North Las Vegas,Zen Leaf North Las Vegas,4444 Craig Rd.,Adult-Use,North Las Vegas,,NVCCB,Nevada Cannabis Compliance Board,Commercial - Retailer,Active,NV,,,,,,,,,,,,,,,2024-03-24T22:13:13.801562,36.2424253,-115.0768038,Clark County,89115
Zen Leaf North Las Vegas,Zen Leaf North Las Vegas,4444 Craig Rd.,Adult-Use,North Las Vegas,,NVCCB,Nevada Cannabis Compliance Board,Commercial - Retailer,Active,NV,,,,,,,,,,,,,,,2024-03-24T22:13:13.801562,36.2424253,-115.0768038,Clark County,89115
Zen Leaf North Las Vegas,Zen Leaf North Las Vegas,4444 Craig Rd.,Adult-Use,North Las Vegas,,NVCCB,Nevada Cannabis Compliance Board,Commercial - Retailer,Active,NV,,,,,,,,,,,,,,,2024-03-24T22:13:13.801562,36.2424253,-115.0768038,Clark County,89115
Zen Leaf North Las Vegas,Zen Leaf North Las Vegas,4444 Craig Rd.,Adult-Use,North Las Vegas,,NVCCB,Nevada Cannabis Compliance Board,Commercial - Retailer,Active,NV,,,,,,,,,,,,,,,2024-03-24T22:13:13.801562,36.2424253,-115.0768038,Clark County,89115
Zen Leaf North Las Vegas,Zen Leaf North Las Vegas,4444 Craig Rd.,Adult-Use,North Las Vegas,,NVCCB,Nevada Cannabis Compliance Board,Commercial - Retailer,Active,NV,,,,,,,,,,,,,,,2024-03-24T22:13:13.801562,36.2424253,-115.0768038,Clark County,89115
Zen Leaf North Las Vegas,Zen Leaf North Las Vegas,4444 Craig Rd.,Adult-Use,North Las Vegas,,NVCCB,Nevada Cannabis Compliance Board,Commercial - Retailer,Active,NV,,,,,,,,,,,,,,,2024-03-24T22:13:13.801562,36.2424253,-115.0768038,Clark County,89115
Zen Leaf North Las Vegas,Zen Leaf North Las Vegas,4444 Craig Rd.,Adult-Use,North Las Vegas,,NVCCB,Nevada Cannabis Compliance Board,Commercial - Retailer,Active,NV,,,,,,,,,,,,,,,2024-03-24T22:13:13.801562,36.2424253,-115.0768038,Clark County,89115
Zen Leaf North Las Vegas,Zen Leaf North Las Vegas,4444 Craig Rd.,Adult-Use,North Las Vegas,,NVCCB,Nevada Cannabis Compliance Board,Commercial - Retailer,Active,NV,,,,,,,,,,,,,,,2024-03-24T22:13:13.801562,36.2424253,-115.0768038,Clark County,89115
The Source,The Source,2370 & 2380 Homestead Rd.,Adult-Use,Pahrump,Y,NVCCB,Nevada Cannabis Compliance Board,Commercial - Retailer,Active,NV,,,,,,,,,,,,,,,2024-03-24T22:13:13.801562,36.1849555,-115.9600572,Nye County,89048
The Source,The Source,2370 & 2380 Homestead Rd.,Adult-Use,Pahrump,Y,NVCCB,Nevada Cannabis Compliance Board,Commercial - Retailer,Active,NV,,,,,,,,,,,,,,,2024-03-24T22:13:13.801562,36.1849555,-115.9600572,Nye County,89048
The Source,The Source,2370 & 2380 Homestead Rd.,Adult-Use,Pahrump,Y,NVCCB,Nevada Cannabis Compliance Board,Commercial - Retailer,Active,NV,,,,,,,,,,,,,,,2024-03-24T22:13:13.801562,36.1849555,-115.9600572,Nye County,89048
The Source,The Source,2370 & 2380 Homestead Rd.,Adult-Use,Pahrump,Y,NVCCB,Nevada Cannabis Compliance Board,Commercial - Retailer,Active,NV,,,,,,,,,,,,,,,2024-03-24T22:13:13.801562,36.1849555,-115.9600572,Nye County,89048
ZenLeaf,ZenLeaf,1605 E. 2nd St. Ste. 103,Adult-Use,Reno,Y,NVCCB,Nevada Cannabis Compliance Board,Commercial - Retailer,Active,NV,,,,,,,,,,,,,,,2024-03-24T22:13:13.801562,39.5276237,-119.7914787,Washoe County,89502
ZenLeaf,ZenLeaf,1605 E. 2nd St. Ste. 103,Adult-Use,Reno,Y,NVCCB,Nevada Cannabis Compliance Board,Commercial - Retailer,Active,NV,,,,,,,,,,,,,,,2024-03-24T22:13:13.801562,39.5276237,-119.7914787,Washoe County,89502
ZenLeaf,ZenLeaf,1605 E. 2nd St. Ste. 103,Adult-Use,Reno,Y,NVCCB,Nevada Cannabis Compliance Board,Commercial - Retailer,Active,NV,,,,,,,,,,,,,,,2024-03-24T22:13:13.801562,39.5276237,-119.7914787,Washoe County,89502
ZenLeaf,ZenLeaf,1605 E. 2nd St. Ste. 103,Adult-Use,Reno,Y,NVCCB,Nevada Cannabis Compliance Board,Commercial - Retailer,Active,NV,,,,,,,,,,,,,,,2024-03-24T22:13:13.801562,39.5276237,-119.7914787,Washoe County,89502
ZenLeaf,ZenLeaf,1605 E. 2nd St. Ste. 103,Adult-Use,Reno,Y,NVCCB,Nevada Cannabis Compliance Board,Commercial - Retailer,Active,NV,,,,,,,,,,,,,,,2024-03-24T22:13:13.801562,39.5276237,-119.7914787,Washoe County,89502
ZenLeaf,ZenLeaf,1605 E. 2nd St. Ste. 103,Adult-Use,Reno,Y,NVCCB,Nevada Cannabis Compliance Board,Commercial - Retailer,Active,NV,,,,,,,,,,,,,,,2024-03-24T22:13:13.801562,39.5276237,-119.7914787,Washoe County,89502
ZenLeaf,ZenLeaf,1605 E. 2nd St. Ste. 103,Adult-Use,Reno,Y,NVCCB,Nevada Cannabis Compliance Board,Commercial - Retailer,Active,NV,,,,,,,,,,,,,,,2024-03-24T22:13:13.801562,39.5276237,-119.7914787,Washoe County,89502
ZenLeaf,ZenLeaf,1605 E. 2nd St. Ste. 103,Adult-Use,Reno,Y,NVCCB,Nevada Cannabis Compliance Board,Commercial - Retailer,Active,NV,,,,,,,,,,,,,,,2024-03-24T22:13:13.801562,39.5276237,-119.7914787,Washoe County,89502
ZenLeaf,ZenLeaf,1605 E. 2nd St. Ste. 103,Adult-Use,Reno,Y,NVCCB,Nevada Cannabis Compliance Board,Commercial - Retailer,Active,NV,,,,,,,,,,,,,,,2024-03-24T22:13:13.801562,39.5276237,-119.7914787,Washoe County,89502
ZenLeaf,ZenLeaf,1605 E. 2nd St. Ste. 103,Adult-Use,Reno,Y,NVCCB,Nevada Cannabis Compliance Board,Commercial - Retailer,Active,NV,,,,,,,,,,,,,,,2024-03-24T22:13:13.801562,39.5276237,-119.7914787,Washoe County,89502
ZenLeaf,ZenLeaf,1605 E. 2nd St. Ste. 103,Adult-Use,Reno,Y,NVCCB,Nevada Cannabis Compliance Board,Commercial - Retailer,Active,NV,,,,,,,,,,,,,,,2024-03-24T22:13:13.801562,39.5276237,-119.7914787,Washoe County,89502
ZenLeaf,ZenLeaf,1605 E. 2nd St. Ste. 103,Adult-Use,Reno,Y,NVCCB,Nevada Cannabis Compliance Board,Commercial - Retailer,Active,NV,,,,,,,,,,,,,,,2024-03-24T22:13:13.801562,39.5276237,-119.7914787,Washoe County,89502
ZenLeaf,ZenLeaf,1605 E. 2nd St. Ste. 103,Adult-Use,Reno,Y,NVCCB,Nevada Cannabis Compliance Board,Commercial - Retailer,Active,NV,,,,,,,,,,,,,,,2024-03-24T22:13:13.801562,39.5276237,-119.7914787,Washoe County,89502
ZenLeaf,ZenLeaf,1605 E. 2nd St. Ste. 103,Adult-Use,Reno,Y,NVCCB,Nevada Cannabis Compliance Board,Commercial - Retailer,Active,NV,,,,,,,,,,,,,,,2024-03-24T22:13:13.801562,39.5276237,-119.7914787,Washoe County,89502
ZenLeaf,ZenLeaf,1605 E. 2nd St. Ste. 103,Adult-Use,Reno,Y,NVCCB,Nevada Cannabis Compliance Board,Commercial - Retailer,Active,NV,,,,,,,,,,,,,,,2024-03-24T22:13:13.801562,39.5276237,-119.7914787,Washoe County,89502
ZenLeaf,ZenLeaf,1605 E. 2nd St. Ste. 103,Adult-Use,Reno,Y,NVCCB,Nevada Cannabis Compliance Board,Commercial - Retailer,Active,NV,,,,,,,,,,,,,,,2024-03-24T22:13:13.801562,39.5276237,-119.7914787,Washoe County,89502
ZenLeaf,ZenLeaf,1605 E. 2nd St. Ste. 103,Adult-Use,Reno,Y,NVCCB,Nevada Cannabis Compliance Board,Commercial - Retailer,Active,NV,,,,,,,,,,,,,,,2024-03-24T22:13:13.801562,39.5276237,-119.7914787,Washoe County,89502
ZenLeaf,ZenLeaf,1605 E. 2nd St. Ste. 103,Adult-Use,Reno,Y,NVCCB,Nevada Cannabis Compliance Board,Commercial - Retailer,Active,NV,,,,,,,,,,,,,,,2024-03-24T22:13:13.801562,39.5276237,-119.7914787,Washoe County,89502
Silver State Relief,Silver State Relief,175 E. Greg St.,Adult-Use,Sparks,Y,NVCCB,Nevada Cannabis Compliance Board,Commercial - Retailer,Active,NV,,,,,,,,,,,,,,,2024-03-24T22:13:13.801562,39.5211118,-119.7413824,Washoe County,89431
Silver State Relief,Silver State Relief,175 E. Greg St.,Adult-Use,Sparks,Y,NVCCB,Nevada Cannabis Compliance Board,Commercial - Retailer,Active,NV,,,,,,,,,,,,,,,2024-03-24T22:13:13.801562,39.5211118,-119.7413824,Washoe County,89431
Silver State Relief,Silver State Relief,175 E. Greg St.,Adult-Use,Sparks,Y,NVCCB,Nevada Cannabis Compliance Board,Commercial - Retailer,Active,NV,,,,,,,,,,,,,,,2024-03-24T22:13:13.801562,39.5211118,-119.7413824,Washoe County,89431
Silver State Relief,Silver State Relief,175 E. Greg St.,Adult-Use,Sparks,Y,NVCCB,Nevada Cannabis Compliance Board,Commercial - Retailer,Active,NV,,,,,,,,,,,,,,,2024-03-24T22:13:13.801562,39.5211118,-119.7413824,Washoe County,89431
Silver State Relief,Silver State Relief,175 E. Greg St.,Adult-Use,Sparks,Y,NVCCB,Nevada Cannabis Compliance Board,Commercial - Retailer,Active,NV,,,,,,,,,,,,,,,2024-03-24T22:13:13.801562,39.5211118,-119.7413824,Washoe County,89431
Silver State Relief,Silver State Relief,175 E. Greg St.,Adult-Use,Sparks,Y,NVCCB,Nevada Cannabis Compliance Board,Commercial - Retailer,Active,NV,,,,,,,,,,,,,,,2024-03-24T22:13:13.801562,39.5211118,-119.7413824,Washoe County,89431
Silver State Relief,Silver State Relief,175 E. Greg St.,Adult-Use,Sparks,Y,NVCCB,Nevada Cannabis Compliance Board,Commercial - Retailer,Active,NV,,,,,,,,,,,,,,,2024-03-24T22:13:13.801562,39.5211118,-119.7413824,Washoe County,89431
Silver State Relief,Silver State Relief,175 E. Greg St.,Adult-Use,Sparks,Y,NVCCB,Nevada Cannabis Compliance Board,Commercial - Retailer,Active,NV,,,,,,,,,,,,,,,2024-03-24T22:13:13.801562,39.5211118,-119.7413824,Washoe County,89431
Silver State Relief,Silver State Relief,175 E. Greg St.,Adult-Use,Sparks,Y,NVCCB,Nevada Cannabis Compliance Board,Commercial - Retailer,Active,NV,,,,,,,,,,,,,,,2024-03-24T22:13:13.801562,39.5211118,-119.7413824,Washoe County,89431
Silver State Relief,Silver State Relief,175 E. Greg St.,Adult-Use,Sparks,Y,NVCCB,Nevada Cannabis Compliance Board,Commercial - Retailer,Active,NV,,,,,,,,,,,,,,,2024-03-24T22:13:13.801562,39.5211118,-119.7413824,Washoe County,89431
Reef Dispensaries,Reef Dispensaries,5105 Sun Valley Blvd. Ste. B,Adult-Use,Sun Valley,,NVCCB,Nevada Cannabis Compliance Board,Commercial - Retailer,Active,NV,,,,,,,,,,,,,,,2024-03-24T22:13:13.801562,39.5787928,-119.7807146,Washoe County,89433
Reef Dispensaries,Reef Dispensaries,5105 Sun Valley Blvd. Ste. B,Adult-Use,Sun Valley,,NVCCB,Nevada Cannabis Compliance Board,Commercial - Retailer,Active,NV,,,,,,,,,,,,,,,2024-03-24T22:13:13.801562,39.5787928,-119.7807146,Washoe County,89433
Reef Dispensaries,Reef Dispensaries,5105 Sun Valley Blvd. Ste. B,Adult-Use,Sun Valley,,NVCCB,Nevada Cannabis Compliance Board,Commercial - Retailer,Active,NV,,,,,,,,,,,,,,,2024-03-24T22:13:13.801562,39.5787928,-119.7807146,Washoe County,89433
Reef Dispensaries,Reef Dispensaries,5105 Sun Valley Blvd. Ste. B,Adult-Use,Sun Valley,,NVCCB,Nevada Cannabis Compliance Board,Commercial - Retailer,Active,NV,,,,,,,,,,,,,,,2024-03-24T22:13:13.801562,39.5787928,-119.7807146,Washoe County,89433
SOL Cannabis,SOL Cannabis,275 Highway 395 South,Adult-Use,Washoe Valley,Y,NVCCB,Nevada Cannabis Compliance Board,Commercial - Retailer,Active,NV,,,,,,,,,,,,,,,2024-03-24T22:13:13.801562,39.32829,-119.809017,Washoe County,89704
SOL Cannabis,SOL Cannabis,275 Highway 395 South,Adult-Use,Washoe Valley,Y,NVCCB,Nevada Cannabis Compliance Board,Commercial - Retailer,Active,NV,,,,,,,,,,,,,,,2024-03-24T22:13:13.801562,39.32829,-119.809017,Washoe County,89704
Deep Roots Harvest,Deep Roots Harvest,395 Industrial Way,Adult-Use,West Wendover,Y,NVCCB,Nevada Cannabis Compliance Board,Commercial - Retailer,Active,NV,,,,,,,,,,,,,,,2024-03-24T22:13:13.801562,40.731978,-114.063552,Elko County,89883
Deep Roots Harvest,Deep Roots Harvest,395 Industrial Way,Adult-Use,West Wendover,Y,NVCCB,Nevada Cannabis Compliance Board,Commercial - Retailer,Active,NV,,,,,,,,,,,,,,,2024-03-24T22:13:13.801562,40.731978,-114.063552,Elko County,89883
The Gold Leaf,The Gold Leaf,3302 Traders Way,Adult-Use,Winnemucca,Y,NVCCB,Nevada Cannabis Compliance Board,Commercial - Retailer,Active,NV,,,,,,,,,,,,,,,2024-03-24T22:13:13.801562,40.9573326,-117.7422624,Humboldt County,89445
The Gold Leaf,The Gold Leaf,3302 Traders Way,Adult-Use,Winnemucca,Y,NVCCB,Nevada Cannabis Compliance Board,Commercial - Retailer,Active,NV,,,,,,,,,,,,,,,2024-03-24T22:13:13.801562,40.9573326,-117.7422624,Humboldt County,89445
The Gold Leaf,The Gold Leaf,3302 Traders Way,Adult-Use,Winnemucca,Y,NVCCB,Nevada Cannabis Compliance Board,Commercial - Retailer,Active,NV,,,,,,,,,,,,,,,2024-03-24T22:13:13.801562,40.9573326,-117.7422624,Humboldt County,89445
The Gold Leaf,The Gold Leaf,3302 Traders Way,Adult-Use,Winnemucca,Y,NVCCB,Nevada Cannabis Compliance Board,Commercial - Retailer,Active,NV,,,,,,,,,,,,,,,2024-03-24T22:13:13.801562,40.9573326,-117.7422624,Humboldt County,89445
