ccclastupdated,application_status,license_type,application_classification,application_classification_split_1,application_classification_split_2,approved_license_type,approved_license_stages,commence_operations_date,license_status,license_number,business_legal_name,premise_city,establishment_zipcode,business_email,business_phone,business_address_1,business_address_2,business_city,business_state,business_zipcode,geocoded_county,geocoded_address,mailing_address_1,mailing_address_2,mailing_city,mailing_state,mailing_zipcode,ein_tin,application_number,submitted_date,first_compliance_review_date,lic_fee_payment_submitted_date,priority,fee_waiver_request,fee_waiver_ee_or_se_number,ee_priority_status,ee_priority_number_from_account,ee_priority_number_from_application,rmd_priority_status,rmd_priority_number_from_account,rmd_priority_number_from_application,dbe,cultivation_environment,cultivation_tier,cnb_dt_of_final_licensure,issue_date,cnb_deemed_complete_date,application_approved_date,lic_start_date,expiration_date,pmt_amount,lic_fee_amount,premise_zip_code,town,premise_county,county_lat,county_long,region,cccupdatedate,establishment_address_2,establishment_state,premise_latitude,premise_longitude,approved_se_number,business_dba_name,premise_state,licensing_authority_id,licensing_authority,business_structure,business_owner_name,parcel_number,business_image_url,business_website
11/27/2023,APPROVED,Marijuana Retailer,Priority Review - Economic Empowerment Priority,Priority,Economic Empowerment Priority,PROVISIONAL LICENSE,PROVISIONAL LICENSE,,COMPLETE,MR284253,"Lemonnade Springfield, LLC",Springfield,1105.0,,,595 Main Street,,Springfield,MA,1105.0,POINT (-72.571312 42.12756),POINT (-72.580787 42.0942420),4675 MacArthur Court Floor 15,,Newport Beach,CA,92660.0,86-3974146,MRN284253,Thu Feb 03 2022 09:58:10 GMT-0500 (Eastern Standard Time),Mon Jun 21 2021 13:25:08 GMT-0400 (Eastern Daylight Time),Mon Apr 03 2023 15:22:05 GMT-0400 (Eastern Daylight Time),True,yes,EE202373,,,EE202373,,,,Not a DBE,,,,Wed May 19 2021 12:43:53 GMT-0400 (Eastern Daylight Time),Mon Feb 07 2022 14:56:15 GMT-0500 (Eastern Standard Time),Thu May 12 2022 14:07:25 GMT-0400 (Eastern Daylight Time),Mon Apr 03 2023 04:00:00 GMT-0400 (Eastern Daylight Time),Wed Apr 03 2024 04:00:00 GMT-0400 (Eastern Daylight Time),,5000.0,1105.0,Springfield,Hampden,42.12756,-72.571312,Western MA,11/27/2023,,MA,42.094242,-72.580787,,"Lemonnade Springfield, LLC",MA,MACCC,Massachusetts Cannabis Control Commission,,,,,
11/27/2023,APPROVED,Marijuana Retailer,Priority Review - Economic Empowerment Priority,Priority,Economic Empowerment Priority,COMMENCE OPS,COMMENCE OPS,2/13/2023,COMPLETE,MR284181,KG Collective LLC,Cambridge,2138.0,,,1536 Tremont St,,Boston,MA,2120.0,POINT (-71.275566 42.459085),POINT (-71.149512 42.374955),1536 Tremont St,,Boston,MA,2120.0,82-5066736,MRN284181,Thu Apr 15 2021 13:35:56 GMT-0400 (Eastern Daylight Time),Wed Mar 31 2021 10:17:42 GMT-0400 (Eastern Daylight Time),,True,yes,EE201965,APPROVED,EE201965,EE201965,,,,Not a DBE,,,Thu Nov 10 2022 03:00:00 GMT-0500 (Eastern Standard Time),Mon Mar 22 2021 19:44:27 GMT-0400 (Eastern Daylight Time),Fri Apr 30 2021 09:45:33 GMT-0400 (Eastern Daylight Time),Tue Jun 22 2021 11:05:40 GMT-0400 (Eastern Daylight Time),Thu Jul 13 2023 04:00:00 GMT-0400 (Eastern Daylight Time),Fri Aug 09 2024 04:00:00 GMT-0400 (Eastern Daylight Time),,5000.0,2138.0,Cambridge,Middlesex,42.459085,-71.275566,Metro Boston,11/27/2023,,MA,42.374955,-71.149512,,KG Collective LLC,MA,MACCC,Massachusetts Cannabis Control Commission,,,,,
11/27/2023,APPROVED,Marijuana Retailer,Priority Review - MTC Priority,Priority,MTC Priority,COMMENCE OPS,COMMENCE OPS,1/8/2019,COMPLETE,MR281588,Temescal Wellness of Massachusetts,Pittsfield,1201.0,,,10 Callahan Drive,,Pittsfield,MA,1201.0,POINT (-73.209889 42.396128),POINT (-73.317971 42.4299090),665 Cochituate Road,Second Floor,Framingham,MA,1701.0,46-2527018,MRN281588,Fri Aug 17 2018 16:07:41 GMT-0400 (Eastern Daylight Time),Wed Jul 25 2018 00:00:00 GMT-0400 (Eastern Daylight Time),Sun Sep 23 2018 08:21:22 GMT-0400 (Eastern Daylight Time),True,,,,,,APPROVED,RP201850,RP201850,Not a DBE,,,Thu Dec 13 2018 03:00:00 GMT-0500 (Eastern Standard Time),Wed Jun 13 2018 11:49:01 GMT-0400 (Eastern Daylight Time),Tue Aug 21 2018 00:00:00 GMT-0400 (Eastern Daylight Time),Thu Sep 20 2018 15:47:42 GMT-0400 (Eastern Daylight Time),Thu Aug 10 2023 04:00:00 GMT-0400 (Eastern Daylight Time),Tue Sep 24 2024 04:00:00 GMT-0400 (Eastern Daylight Time),300.0,5000.0,1201.0,Pittsfield,Berkshire,42.396128,-73.209889,Western MA,11/27/2023,,MA,42.429909,-73.317972,,Temescal Wellness of Massachusetts,MA,MACCC,Massachusetts Cannabis Control Commission,,,,,
11/27/2023,APPROVED,Marijuana Retailer,Expedited Review - DBE Status,Expedited,DBE Status,COMMENCE OPS,COMMENCE OPS,11/30/2021,COMPLETE,MR283143,Uma Flowers LLC,Pepperell,1463.0,,,109 Raffaele Drive,,Waltham,MA,2452.0,POINT (-71.275566 42.459085),POINT (-71.572796 42.6664239),109 Raffaele Drive,,Waltham,MA,2452.0,84-3613796,MRN283143,Mon May 11 2020 10:56:16 GMT-0400 (Eastern Daylight Time),Thu Mar 19 2020 00:00:00 GMT-0400 (Eastern Daylight Time),,True,,,,,,,,,Woman-Owned Business | Minority-Owned Business,,,Thu Oct 14 2021 04:00:00 GMT-0400 (Eastern Daylight Time),Sat Nov 23 2019 14:58:34 GMT-0500 (Eastern Standard Time),Thu May 21 2020 14:42:02 GMT-0400 (Eastern Daylight Time),Thu Aug 06 2020 14:56:16 GMT-0400 (Eastern Daylight Time),Thu Jan 12 2023 03:00:00 GMT-0500 (Eastern Standard Time),Sun Jan 21 2024 03:00:00 GMT-0500 (Eastern Standard Time),1500.0,10000.0,1463.0,Pepperell,Middlesex,42.459085,-71.275566,Central MA,11/27/2023,,MA,42.666424,-71.572797,,Uma Flowers LLC,MA,MACCC,Massachusetts Cannabis Control Commission,,,,,
11/27/2023,APPROVED,Marijuana Retailer,General Applicant,General Applicant,General Applicant,COMMENCE OPS,COMMENCE OPS,7/10/2023,COMPLETE,MR283963,"617 Therapeutic Health Care, Inc.",Boston,2122.0,,,144 Bowdoin St,,Dorchester,MA,2121.0,POINT (-71.073493 42.334948),POINT (-71.071084 42.3038250),168 Beacham St.,,Everett,MA,2149.0,83-1869024,MRN283963,Mon Sep 06 2021 17:00:03 GMT-0400 (Eastern Daylight Time),Thu Mar 04 2021 11:36:17 GMT-0500 (Eastern Standard Time),,True,no,,,,,,,,Not a DBE,,,Thu Jun 08 2023 04:00:00 GMT-0400 (Eastern Daylight Time),Thu Dec 10 2020 10:15:41 GMT-0500 (Eastern Standard Time),Fri Sep 10 2021 10:58:45 GMT-0400 (Eastern Daylight Time),Thu Oct 14 2021 13:07:00 GMT-0400 (Eastern Daylight Time),Thu Nov 09 2023 03:00:00 GMT-0500 (Eastern Standard Time),Mon Nov 11 2024 03:00:00 GMT-0500 (Eastern Standard Time),1500.0,10000.0,2122.0,Boston,Suffolk,42.334948,-71.073493,Metro Boston,11/27/2023,,MA,42.303825,-71.071085,,"617 Therapeutic Health Care, Inc.",MA,MACCC,Massachusetts Cannabis Control Commission,,,,,
11/27/2023,APPROVED,Marijuana Retailer,Priority Review - MTC Priority,Priority,MTC Priority,COMMENCE OPS,COMMENCE OPS,6/5/2020,COMPLETE,MR282376,TDMA LLC,Worcester,1604.0,,,74 Grafton St,,Worcester,MA,1604.0,POINT (-71.840209 42.329642),POINT (-71.794023 42.2592070),305 SE 3rd Ave,Ste 203,Portland,OR,97214.0,83-1658023,MRN282376,Thu Apr 18 2019 12:38:14 GMT-0400 (Eastern Daylight Time),Tue Mar 19 2019 00:00:00 GMT-0400 (Eastern Daylight Time),Tue Oct 15 2019 16:40:36 GMT-0400 (Eastern Daylight Time),True,,,,,,,,RPA201948,Not a DBE,,,Thu Apr 09 2020 04:00:00 GMT-0400 (Eastern Daylight Time),Thu Feb 07 2019 10:28:27 GMT-0500 (Eastern Standard Time),Thu Sep 19 2019 00:00:00 GMT-0400 (Eastern Daylight Time),Thu Oct 10 2019 13:15:10 GMT-0400 (Eastern Daylight Time),Thu Nov 10 2022 03:00:00 GMT-0500 (Eastern Standard Time),Mon Dec 18 2023 03:00:00 GMT-0500 (Eastern Standard Time),300.0,5000.0,1604.0,Worcester,Worcester,42.329642,-71.840209,Central MA,11/27/2023,,MA,42.259207,-71.794024,,TDMA LLC,MA,MACCC,Massachusetts Cannabis Control Commission,,,,,
11/27/2023,APPROVED,Marijuana Retailer,General Applicant,General Applicant,General Applicant,COMMENCE OPS,COMMENCE OPS,5/9/2023,COMPLETE,MR284607,New England Regional Dispensary,Clarksburg,1247.0,,,34 Cross Road,,Clarksburg,MA,1247.0,POINT (-73.209889 42.396128),POINT (-73.079824 42.7158220),65 Furnace St,,North Adams,MA,1247.0,84-4449751,MRN284607,Fri Sep 16 2022 14:25:19 GMT-0400 (Eastern Daylight Time),Mon May 02 2022 10:57:05 GMT-0400 (Eastern Daylight Time),,True,no,,,,,,,,Not a DBE,,,Fri Apr 14 2023 04:00:00 GMT-0400 (Eastern Daylight Time),Mon Mar 07 2022 12:05:55 GMT-0500 (Eastern Standard Time),Fri Aug 05 2022 09:18:07 GMT-0400 (Eastern Daylight Time),Mon Sep 19 2022 08:43:17 GMT-0400 (Eastern Daylight Time),Thu Oct 12 2023 04:00:00 GMT-0400 (Eastern Daylight Time),Wed Oct 16 2024 04:00:00 GMT-0400 (Eastern Daylight Time),1500.0,10000.0,1247.0,North Adams,Berkshire,42.396128,-73.209889,Western MA,11/27/2023,,MA,42.715822,-73.079824,,New England Regional Dispensary,MA,MACCC,Massachusetts Cannabis Control Commission,,,,,
11/27/2023,APPROVED,Marijuana Retailer,Priority Review - MTC Priority,Priority,MTC Priority,COMMENCE OPS,COMMENCE OPS,11/4/2020,COMPLETE,MR282160,"The Botanist, Inc.",Worcester,1606.0,,,200 Portland Street,5th Floor,Boston,MA,2114.0,POINT (-71.840209 42.329642),POINT (-71.798843 42.3239459),200 Portland Street,5th Floor,Boston,MA,2114.0,47-3905518,MRN282160,Mon Feb 25 2019 14:54:26 GMT-0500 (Eastern Standard Time),Wed Jan 23 2019 00:00:00 GMT-0500 (Eastern Standard Time),,True,,,,,,APPROVED,RP201860,RP201860,Not a DBE,,,Thu Oct 08 2020 04:00:00 GMT-0400 (Eastern Daylight Time),Mon Dec 10 2018 10:39:07 GMT-0500 (Eastern Standard Time),Wed May 15 2019 00:00:00 GMT-0400 (Eastern Daylight Time),Thu Jul 09 2020 15:52:57 GMT-0400 (Eastern Daylight Time),Thu Jul 13 2023 04:00:00 GMT-0400 (Eastern Daylight Time),Mon Jul 22 2024 04:00:00 GMT-0400 (Eastern Daylight Time),300.0,10000.0,1606.0,Worcester,Worcester,42.329642,-71.840209,Central MA,11/27/2023,,MA,42.323946,-71.798843,,"The Botanist, Inc.",MA,MACCC,Massachusetts Cannabis Control Commission,,,,,
11/27/2023,APPROVED,Marijuana Retailer,General Applicant,General Applicant,General Applicant,PROVISIONAL LICENSE,PROVISIONAL LICENSE,,COMPLETE,MR284774,"UC Retail, LLC",Bolton,1740.0,,,476 Main Street,,Bolton,MA,1740.0,POINT (-71.840209 42.329642),POINT (-71.589066 42.430045),601 Fitchburg State Road,,Ashby,MA,1431.0,87-2349254,MRN284774,Thu Aug 31 2023 08:41:41 GMT-0400 (Eastern Daylight Time),Tue Nov 29 2022 14:23:49 GMT-0500 (Eastern Standard Time),,True,no,,,,,,,,Not a DBE,,,,Thu Sep 29 2022 09:15:04 GMT-0400 (Eastern Daylight Time),Fri Jul 28 2023 09:50:27 GMT-0400 (Eastern Daylight Time),Thu Oct 12 2023 12:53:03 GMT-0400 (Eastern Daylight Time),Mon Nov 06 2023 03:00:00 GMT-0500 (Eastern Standard Time),Wed Nov 06 2024 03:00:00 GMT-0500 (Eastern Standard Time),1500.0,10000.0,1740.0,Bolton,Worcester,42.329642,-71.840209,Central MA,11/27/2023,,MA,42.430045,-71.589066,,"UC Retail, LLC",MA,MACCC,Massachusetts Cannabis Control Commission,,,,,
11/27/2023,APPROVED,Marijuana Retailer,Expedited Review - DBE Status,Expedited,DBE Status,COMMENCE OPS,COMMENCE OPS,6/2/2023,COMPLETE,MR282984,Noble Manna Inc.,Mendon,1756.0,,,47 Milford Street,,Mendon,MA,1756.0,POINT (-71.840209 42.329642),POINT (-71.545586 42.1149320),"110 Turnpike Road, Suite 114",,Westborough,MA,1581.0,84-3228266,MRN282984,Mon Feb 15 2021 09:29:54 GMT-0500 (Eastern Standard Time),Tue Nov 24 2020 12:31:35 GMT-0500 (Eastern Standard Time),Fri Mar 12 2021 15:12:00 GMT-0500 (Eastern Standard Time),True,no,,,,,,,,Veteran-Owned Business,,,Fri Apr 14 2023 04:00:00 GMT-0400 (Eastern Daylight Time),Thu Sep 12 2019 12:13:25 GMT-0400 (Eastern Daylight Time),Thu Dec 10 2020 10:00:00 GMT-0500 (Eastern Standard Time),Thu Mar 11 2021 13:59:24 GMT-0500 (Eastern Standard Time),Thu Aug 10 2023 04:00:00 GMT-0400 (Eastern Daylight Time),Wed Aug 14 2024 04:00:00 GMT-0400 (Eastern Daylight Time),1500.0,10000.0,1756.0,Mendon,Worcester,42.329642,-71.840209,Central MA,11/27/2023,,MA,42.114932,-71.545587,,Noble Manna Inc.,MA,MACCC,Massachusetts Cannabis Control Commission,,,,,
11/27/2023,APPROVED,Marijuana Retailer,General Applicant,General Applicant,General Applicant,COMMENCE OPS,COMMENCE OPS,8/2/2021,COMPLETE,MR282640,"Salty Farmers, LLC",Eastham,2651.0,,,182 Brackett Road,,Eastham,MA,2651.0,POINT (-70.301811 41.698999),POINT (-69.983794 41.8548759),PO BOX 726,,North Truro,MA,2652.0,82-1492906,MRN282640,Mon May 18 2020 20:14:20 GMT-0400 (Eastern Daylight Time),Tue Jan 21 2020 00:00:00 GMT-0500 (Eastern Standard Time),Tue Jul 14 2020 13:15:47 GMT-0400 (Eastern Daylight Time),True,,,,,,,,,Not a DBE,,,Thu Jul 15 2021 04:00:00 GMT-0400 (Eastern Daylight Time),Wed Apr 24 2019 17:56:33 GMT-0400 (Eastern Daylight Time),Thu May 21 2020 14:02:29 GMT-0400 (Eastern Daylight Time),Thu Jul 09 2020 15:42:46 GMT-0400 (Eastern Daylight Time),Thu Jun 08 2023 04:00:00 GMT-0400 (Eastern Daylight Time),Sun Jul 14 2024 04:00:00 GMT-0400 (Eastern Daylight Time),300.0,10000.0,2651.0,North Eastham,Barnstable,41.698999,-70.301811,,11/27/2023,,MA,41.854876,-69.983794,,"Salty Farmers, LLC",MA,MACCC,Massachusetts Cannabis Control Commission,,,,,
11/27/2023,APPROVED,Marijuana Retailer,Priority Review - MTC Priority,Priority,MTC Priority,COMMENCE OPS,COMMENCE OPS,8/31/2020,COMPLETE,MR281259,"Mission MA, Inc.",Worcester,1605.0,,,640 Lincoln St.,,Worcester,MA,1605.0,POINT (-71.840209 42.329642),POINT (-71.764895 42.2991510),5060 N. 40th Street,Suite 120,Phoenix,AZ,85018.0,47-3906035,MRN281259,Thu Feb 07 2019 08:58:27 GMT-0500 (Eastern Standard Time),Fri Dec 07 2018 00:00:00 GMT-0500 (Eastern Standard Time),Fri Jun 21 2019 11:36:52 GMT-0400 (Eastern Daylight Time),True,,,,,,APPROVED,RP201863,RP201863,Not a DBE,,,Thu Aug 06 2020 04:00:00 GMT-0400 (Eastern Daylight Time),Tue Apr 17 2018 16:03:51 GMT-0400 (Eastern Daylight Time),Thu Feb 14 2019 00:00:00 GMT-0500 (Eastern Standard Time),Thu May 16 2019 13:35:30 GMT-0400 (Eastern Daylight Time),Thu Aug 11 2022 04:00:00 GMT-0400 (Eastern Daylight Time),Tue Dec 19 2023 03:00:00 GMT-0500 (Eastern Standard Time),300.0,5000.0,1605.0,Worcester,Worcester,42.329642,-71.840209,Central MA,11/27/2023,Suite 200,MA,42.299151,-71.764896,,"Mission MA, Inc.",MA,MACCC,Massachusetts Cannabis Control Commission,,,,,
11/27/2023,APPROVED,Marijuana Retailer,Priority Review - MTC Priority,Priority,MTC Priority,COMMENCE OPS,COMMENCE OPS,7/5/2022,COMPLETE,MR282682,"Mayflower Medicinals, Inc.",Boston,2134.0,,,230 Harvard Avenue,,Boston,MA,2134.0,POINT (-71.073493 42.334948),POINT (-71.129600 42.349069),33 Union Street,Suite 2,Boston,MA,2108.0,47-5013962,MRN282682,Tue Jul 13 2021 14:37:30 GMT-0400 (Eastern Daylight Time),Mon Mar 29 2021 13:18:53 GMT-0400 (Eastern Daylight Time),Thu Aug 19 2021 13:20:02 GMT-0400 (Eastern Daylight Time),True,no,,,,,APPROVED,RP201883,RP201883,Not a DBE,,,Thu Jun 09 2022 04:00:00 GMT-0400 (Eastern Daylight Time),Mon May 06 2019 09:35:50 GMT-0400 (Eastern Daylight Time),Fri Jul 16 2021 09:32:06 GMT-0400 (Eastern Daylight Time),Thu Aug 12 2021 14:26:33 GMT-0400 (Eastern Daylight Time),Thu Aug 10 2023 04:00:00 GMT-0400 (Eastern Daylight Time),Mon Aug 19 2024 04:00:00 GMT-0400 (Eastern Daylight Time),1500.0,10000.0,2134.0,Allston,Suffolk,42.334948,-71.073493,,11/27/2023,,MA,42.349069,-71.129601,,"Mayflower Medicinals, Inc.",MA,MACCC,Massachusetts Cannabis Control Commission,,,,,
11/27/2023,APPROVED,Marijuana Retailer,Expedited Review - DBE Status,Expedited,DBE Status,PROVISIONAL CONSIDERATION,PROVISIONAL CONSIDERATION,,PAYMENT_PENDING,MR284254,Greener World Inc.,Holyoke,1040.0,,,620 Beaulieu St,,Holyoke,MA,1040.0,POINT (-72.571312 42.12756),POINT (-72.616309 42.1928010),620 Beaulieu St,,Holyoke,MA,1040.0,86-1378500,MRN284254,Wed Mar 23 2022 18:02:30 GMT-0400 (Eastern Daylight Time),Fri Jul 09 2021 16:08:32 GMT-0400 (Eastern Daylight Time),,True,no,,,,,,,,Woman-Owned Business,,,,Wed May 19 2021 15:03:14 GMT-0400 (Eastern Daylight Time),Fri Apr 08 2022 09:29:38 GMT-0400 (Eastern Daylight Time),Thu Jul 14 2022 12:02:21 GMT-0400 (Eastern Daylight Time),,,1500.0,,1040.0,Holyoke,Hampden,42.12756,-72.571312,Western MA,11/27/2023,,MA,42.192801,-72.61631,,Greener World Inc.,MA,MACCC,Massachusetts Cannabis Control Commission,,,,,
11/27/2023,APPROVED,Marijuana Retailer,Priority Review - MTC Priority,Priority,MTC Priority,PROVISIONAL LICENSE,PROVISIONAL LICENSE,,COMPLETE,MR282819,"Bask, Inc.",Taunton,2780.0,,,2 Pequod Road,,Fairhaven,MA,2719.0,POINT (-71.102131 41.778329),POINT (-71.134715 41.8859550),2 Pequod Road,,Fairhaven,MA,2719.0,46-3397060,MRN282819,Mon Dec 09 2019 15:56:46 GMT-0500 (Eastern Standard Time),Mon Aug 05 2019 00:00:00 GMT-0400 (Eastern Daylight Time),Thu Jan 09 2020 16:40:49 GMT-0500 (Eastern Standard Time),True,,,,,,APPROVED,RP201988,RPA201988,Not a DBE,,,,Fri Jun 28 2019 16:30:20 GMT-0400 (Eastern Daylight Time),Thu Sep 05 2019 00:00:00 GMT-0400 (Eastern Daylight Time),Thu Jan 09 2020 11:21:54 GMT-0500 (Eastern Standard Time),Thu Jan 12 2023 03:00:00 GMT-0500 (Eastern Standard Time),Sun Feb 11 2024 03:00:00 GMT-0500 (Eastern Standard Time),300.0,10000.0,2780.0,Taunton,Bristol,41.778329,-71.102131,Southeast and Cape,11/27/2023,,MA,41.885955,-71.134715,SE305325,"Bask, Inc.",MA,MACCC,Massachusetts Cannabis Control Commission,,,,,
11/27/2023,APPROVED,Marijuana Retailer,General Applicant,General Applicant,General Applicant,COMMENCE OPS,COMMENCE OPS,4/26/2021,COMPLETE,MR282410,Bud's Goods & Provisions Corp. (FKA Trichome Health Corp.),Abington,2351.0,,,54 West Boylston St,Apt 1,Worcester,MA,1606.0,POINT (-70.818958 41.978877),POINT (-70.954938 42.1453729),54 West Boylston St,Apt 1,Worcester,MA,1606.0,81-3554788,MRN282410,Thu Apr 02 2020 15:45:33 GMT-0400 (Eastern Daylight Time),Fri Feb 28 2020 00:00:00 GMT-0500 (Eastern Standard Time),Tue Sep 22 2020 12:02:24 GMT-0400 (Eastern Daylight Time),True,,,,,,APPROVED,RP201939,RP201939,Not a DBE,,,Fri Apr 16 2021 04:00:00 GMT-0400 (Eastern Daylight Time),Fri Feb 15 2019 13:36:29 GMT-0500 (Eastern Standard Time),Wed Apr 08 2020 00:00:00 GMT-0400 (Eastern Daylight Time),Thu Jun 04 2020 14:06:49 GMT-0400 (Eastern Daylight Time),Thu Sep 14 2023 04:00:00 GMT-0400 (Eastern Daylight Time),Sun Sep 22 2024 04:00:00 GMT-0400 (Eastern Daylight Time),1500.0,10000.0,2351.0,Abington,Plymouth,41.978877,-70.818958,Southeast and Cape,11/27/2023,,MA,42.145373,-70.954939,,Bud's Goods & Provisions Corp. (FKA Trichome Health Corp.),MA,MACCC,Massachusetts Cannabis Control Commission,,,,,
11/27/2023,APPROVED,Marijuana Retailer,General Applicant,General Applicant,General Applicant,PROVISIONAL LICENSE,PROVISIONAL LICENSE,,COMPLETE,MR281959,"Two Buds, LLC",Rockland,2370.0,,,One Liberty Square,Suite 410,Boston,MA,2109.0,POINT (-70.818958 41.978877),POINT (-70.910679 42.160339),One Liberty Square,Suite 410,Boston,MA,2109.0,83-1963661,MRN281959,Thu Oct 31 2019 16:41:21 GMT-0400 (Eastern Daylight Time),Tue Aug 06 2019 00:00:00 GMT-0400 (Eastern Daylight Time),,True,,,,,,,,,Not a DBE,,,,Tue Oct 09 2018 12:30:09 GMT-0400 (Eastern Daylight Time),Fri Nov 01 2019 00:00:00 GMT-0400 (Eastern Daylight Time),Thu Jan 16 2020 15:44:03 GMT-0500 (Eastern Standard Time),Thu Jun 08 2023 04:00:00 GMT-0400 (Eastern Daylight Time),Sat Jun 29 2024 04:00:00 GMT-0400 (Eastern Daylight Time),300.0,10000.0,2370.0,Rockland,Plymouth,41.978877,-70.818958,Southeast and Cape,11/27/2023,,MA,42.160339,-70.91068,,"Two Buds, LLC",MA,MACCC,Massachusetts Cannabis Control Commission,,,,,
11/27/2023,APPROVED,Marijuana Retailer,General Applicant,General Applicant,General Applicant,COMMENCE OPS,COMMENCE OPS,9/30/2020,COMPLETE,MR282048,"GreenStar Herbals, Inc.",Dracut,1826.0,,,310 Flagg Hill Road,,Boxborough,MA,1719.0,POINT (-71.275566 42.459085),POINT (-71.324166 42.6646349),310 Flagg Hill Road,,Boxborough,MA,1719.0,83-0565099,MRN282048,Mon Aug 26 2019 11:52:00 GMT-0400 (Eastern Daylight Time),Thu May 09 2019 00:00:00 GMT-0400 (Eastern Daylight Time),Thu Dec 05 2019 11:11:19 GMT-0500 (Eastern Standard Time),True,,,,,,,,,Not a DBE,,,Thu Sep 10 2020 04:00:00 GMT-0400 (Eastern Daylight Time),Wed Nov 14 2018 09:55:14 GMT-0500 (Eastern Standard Time),Wed Sep 18 2019 00:00:00 GMT-0400 (Eastern Daylight Time),Thu Nov 07 2019 13:39:43 GMT-0500 (Eastern Standard Time),Thu Oct 13 2022 04:00:00 GMT-0400 (Eastern Daylight Time),Mon Mar 04 2024 03:00:00 GMT-0500 (Eastern Standard Time),300.0,10000.0,1826.0,Dracut,Middlesex,42.459085,-71.275566,Northeast,11/27/2023,,MA,42.664635,-71.324166,,"GreenStar Herbals, Inc.",MA,MACCC,Massachusetts Cannabis Control Commission,,,,,
11/27/2023,APPROVED,Marijuana Retailer,General Applicant,General Applicant,General Applicant,PROVISIONAL LICENSE,PROVISIONAL LICENSE,,COMPLETE,MR281745,"Green Railroad Group, Inc.",Great Barrington,1230.0,,,68 Main Street,2,Lenox,MA,1240.0,POINT (-73.209889 42.396128),POINT (-73.363052 42.1957159),68 Main Street,2,Lenox,MA,1240.0,83-2175129,MRN281745,Fri Sep 20 2019 16:16:35 GMT-0400 (Eastern Daylight Time),Mon May 20 2019 00:00:00 GMT-0400 (Eastern Daylight Time),Tue Feb 04 2020 16:14:53 GMT-0500 (Eastern Standard Time),True,,,,,,,,,Not a DBE,,,,Wed Jul 25 2018 18:03:01 GMT-0400 (Eastern Daylight Time),Fri Nov 01 2019 00:00:00 GMT-0400 (Eastern Daylight Time),Thu Jan 16 2020 15:35:26 GMT-0500 (Eastern Standard Time),Thu Jun 08 2023 04:00:00 GMT-0400 (Eastern Daylight Time),Sat Jun 08 2024 04:00:00 GMT-0400 (Eastern Daylight Time),300.0,10000.0,1230.0,Great Barrington,Berkshire,42.396128,-73.209889,Western MA,11/27/2023,,MA,42.195716,-73.363053,,"Green Railroad Group, Inc.",MA,MACCC,Massachusetts Cannabis Control Commission,,,,,
11/27/2023,APPROVED,Marijuana Retailer,Expedited Review - DBE Status,Expedited,DBE Status,COMMENCE OPS,COMMENCE OPS,10/28/2022,COMPLETE,MR283351,"Full Harvest Moonz, Inc.",Lowell,1851.0,,,95-101 Plaistow Road,,Haverhill,MA,1830.0,POINT (-71.275566 42.459085),POINT (-71.357423 42.6279770),22 Veronica Lane,,Weymouth,MA,2189.0,83-2454860,MRN283351,Tue Jun 30 2020 16:10:56 GMT-0400 (Eastern Daylight Time),Mon Jul 13 2020 12:01:29 GMT-0400 (Eastern Daylight Time),,True,,,,,,,,,Woman-Owned Business,,,Thu Sep 15 2022 04:00:00 GMT-0400 (Eastern Daylight Time),Wed Mar 11 2020 11:09:19 GMT-0400 (Eastern Daylight Time),Fri Jul 17 2020 07:57:59 GMT-0400 (Eastern Daylight Time),Thu Sep 10 2020 13:08:32 GMT-0400 (Eastern Daylight Time),Thu Oct 12 2023 04:00:00 GMT-0400 (Eastern Daylight Time),Mon Nov 18 2024 03:00:00 GMT-0500 (Eastern Standard Time),1500.0,10000.0,1851.0,Lowell,Middlesex,42.459085,-71.275566,Northeast,11/27/2023,,MA,42.627977,-71.357424,,"Full Harvest Moonz, Inc.",MA,MACCC,Massachusetts Cannabis Control Commission,,,,,
11/27/2023,APPROVED,Marijuana Retailer,General Applicant,General Applicant,General Applicant,PROVISIONAL CONSIDERATION,PROVISIONAL CONSIDERATION,,PAYMENT_PENDING,MR284238,MJ's Market,Tyngsborough,1879.0,,,13 Centennial Drive,,North Grafton,MA,1536.0,POINT (-71.275566 42.459085),POINT (-71.436282 42.694837),13 Centennial Drive,,North Grafton,MA,1536.0,82-5246851,MRN284238,Wed Sep 29 2021 18:05:08 GMT-0400 (Eastern Daylight Time),Fri Jun 04 2021 14:08:28 GMT-0400 (Eastern Daylight Time),,True,no,,,,,,,,Not a DBE,,,,Tue May 11 2021 12:07:49 GMT-0400 (Eastern Daylight Time),Fri Sep 17 2021 09:06:14 GMT-0400 (Eastern Daylight Time),Thu Nov 18 2021 14:40:25 GMT-0500 (Eastern Standard Time),,,1500.0,,1879.0,Tyngsboro,Middlesex,42.459085,-71.275566,,11/27/2023,,MA,42.694837,-71.436282,,MJ's Market,MA,MACCC,Massachusetts Cannabis Control Commission,,,,,
11/27/2023,APPROVED,Marijuana Retailer,Priority Review - MTC Priority,Priority,MTC Priority,COMMENCE OPS,COMMENCE OPS,6/18/2020,COMPLETE,MR282522,Cultivate Holdings LLC,Framingham,1702.0,,,1764 Main Street,,Leicester,MA,1524.0,POINT (-71.275566 42.459085),POINT (-71.404882 42.298164),PO Box 245,,Leicester,MA,1527.0,82-3671586,MRN282522,Fri Aug 30 2019 19:41:27 GMT-0400 (Eastern Daylight Time),Tue Aug 20 2019 00:00:00 GMT-0400 (Eastern Daylight Time),Fri Jan 24 2020 16:37:24 GMT-0500 (Eastern Standard Time),True,,,,,,APPROVED,RP201845,RP201845,Not a DBE,,,Thu Apr 09 2020 04:00:00 GMT-0400 (Eastern Daylight Time),Tue Mar 26 2019 14:10:54 GMT-0400 (Eastern Daylight Time),Tue Sep 17 2019 00:00:00 GMT-0400 (Eastern Daylight Time),Thu Jan 09 2020 11:19:28 GMT-0500 (Eastern Standard Time),Thu Mar 09 2023 03:00:00 GMT-0500 (Eastern Standard Time),Sun Mar 10 2024 04:00:00 GMT-0400 (Eastern Daylight Time),300.0,10000.0,1702.0,Framingham,Middlesex,42.459085,-71.275566,Central MA,11/27/2023,,MA,42.298164,-71.404882,,Cultivate Holdings LLC,MA,MACCC,Massachusetts Cannabis Control Commission,,,,,
11/27/2023,APPROVED,Marijuana Retailer,General Applicant,General Applicant,General Applicant,PROVISIONAL LICENSE,PROVISIONAL LICENSE,,COMPLETE,MR284871,CATDOGG LLC,Mashpee,2649.0,,,800 Falmouth Road,,Mashpee,MA,2649.0,POINT (-70.301811 41.698999),POINT (-70.495468 41.6042569),565 Whistleberry Drive,,Marstons Mills,MA,2648.0,92-1109731,MRN284871,Thu Mar 09 2023 15:36:16 GMT-0500 (Eastern Standard Time),Tue Feb 07 2023 09:16:39 GMT-0500 (Eastern Standard Time),Thu Jun 01 2023 15:28:07 GMT-0400 (Eastern Daylight Time),True,no,,,,,,,,Not a DBE,,,,Fri Feb 03 2023 15:59:20 GMT-0500 (Eastern Standard Time),Fri Mar 17 2023 08:56:30 GMT-0400 (Eastern Daylight Time),Thu May 11 2023 14:04:03 GMT-0400 (Eastern Daylight Time),Thu Jun 01 2023 04:00:00 GMT-0400 (Eastern Daylight Time),Sat Jun 01 2024 04:00:00 GMT-0400 (Eastern Daylight Time),1500.0,10000.0,2649.0,Mashpee,Barnstable,41.698999,-70.301811,Southeast and Cape,11/27/2023,,MA,41.604257,-70.495468,,CATDOGG LLC,MA,MACCC,Massachusetts Cannabis Control Commission,,,,,
11/27/2023,APPROVED,Marijuana Retailer,Expedited Review - DBE Status,Expedited,DBE Status,PROVISIONAL LICENSE,PROVISIONAL LICENSE,,COMPLETE,MR283257,Sparkboro Wellness Corp.,Williamstown,2167.0,,,,,,,,,,,,,,,,,,,,True,,,,,,,,,,,,,,,,,,,,,,,,,,,,,,,,Sparkboro Wellness Corp.,MA,MACCC,Massachusetts Cannabis Control Commission,,,,,
