business_legal_name,license_type,license_designation,premise_city,id,license_number,licensing_authority_id,licensing_authority,premise_state,license_status,license_status_date,license_term,issue_date,expiration_date,business_owner_name,business_structure,activity,parcel_number,business_phone,business_email,business_image_url,business_website,business_dba_name,data_refreshed_date,premise_latitude,premise_longitude,premise_county,premise_street_address,premise_zip_code
Rutland Craft Cannabis LTD Co,"
SCLT0001
",Adult-Use,"Brandon, MB, Canada",0,,VTCCB,Vermont Cannabis Control Board,VT,,,,,,,,,,,,,,Rutland Craft Cannabis LTD Co,2023-04-25T08:24:42.203784,49.8437486,-99.95148069999999,,"Brandon, MB, Canada","Brandon, MB, Canada"
Doh Yey Smokieez,"
SCLT0005
",Adult-Use,"Bristol, UK",1,,VTCCB,Vermont Cannabis Control Board,VT,,,,,,,,,,,,,,Doh Yey Smokieez,2023-04-25T08:24:42.203784,51.454513,-2.58791,Bristol City,"Bristol, UK","Bristol, UK"
Epona Farms LLC,"
SCLT0015
",Adult-Use,"Salisbury, UK",2,,VTCCB,Vermont Cannabis Control Board,VT,,,,,,,,,,,,,,Epona Farms LLC,2023-04-25T08:24:42.203784,51.068785,-1.794472,Wiltshire,"Salisbury, UK","Salisbury, UK"
Valley Organics LLC,"
SCLT0004
",Adult-Use,"Jeffersonville, IN, USA",3,,VTCCB,Vermont Cannabis Control Board,VT,,,,,,,,,,,,,,Valley Organics LLC,2023-04-25T08:24:42.203784,38.2775702,-85.7371847,Clark County,"Jeffersonville, IN, USA","Jeffersonville, IN, USA"
"Clover Hill Cannabis, LLC","
SCLT0009
",Adult-Use,Strafford,4,,VTCCB,Vermont Cannabis Control Board,VT,,,,,,,,,,,,,,"Clover Hill Cannabis, LLC",2023-04-25T08:24:42.203784,43.8356198,-72.3662166,Orange County,South Strafford,VT
Duke's Diesel LLP,"
SCLT0013
",Adult-Use,"Essex, UK",5,,VTCCB,Vermont Cannabis Control Board,VT,,,,,,,,,,,,,,Duke's Diesel LLP,2023-04-25T08:24:42.203784,51.57424469999999,0.4856781,Essex,"Essex, UK","Essex, UK"
"VT Green Castle Reserve, LLC (DBA - VT Green Castle)","
SCLT0023
",Adult-Use,,6,,VTCCB,Vermont Cannabis Control Board,VT,,,,,,,,,,,,,,"VT Green Castle Reserve, LLC (DBA - VT Green Castle)",2023-04-25T08:24:42.203784,,,,,
"Craft Cannabis of Vermont, LLC","
SCLT0038
",Adult-Use,VT 05301,7,,VTCCB,Vermont Cannabis Control Board,VT,,,,,,,,,,,,,,"Craft Cannabis of Vermont, LLC",2023-04-25T08:24:42.203784,42.8509152,-72.5578678,Windham County,Brattleboro,USA
"Justin's Craft Cannabis, LLC","
SCLT0016
",Adult-Use,,8,,VTCCB,Vermont Cannabis Control Board,VT,,,,,,,,,,,,,,"Justin's Craft Cannabis, LLC",2023-04-25T08:24:42.203784,,,,,
Emerald Rose Farms LLC,"
SCLT0020
",Adult-Use,"3048 Valmont Rd, Boulder, CO 80301, USA",9,,VTCCB,Vermont Cannabis Control Board,VT,,,,,,,,,,,,,,Emerald Rose Farms LLC,2023-04-25T08:24:42.203784,40.0288904,-105.2527622,Boulder County,"3048 Valmont Rd, Boulder, CO 80301, USA","3048 Valmont Rd, Boulder, CO 80301, USA"
Emerald Visions LLC,"
SCLT0018
",Adult-Use,VT 05440,10,,VTCCB,Vermont Cannabis Control Board,VT,,,,,,,,,,,,,,Emerald Visions LLC,2023-04-25T08:24:42.203784,44.9750541,-73.30022389999999,Grand Isle County,Alburgh,USA
Top 1 Co.,"
SCLT0080
",Adult-Use,"Williston, ND 58801, USA",11,,VTCCB,Vermont Cannabis Control Board,VT,,,,,,,,,,,,,,Top 1 Co.,2023-04-25T08:24:42.203784,48.1469683,-103.6179745,Williams County,"Williston, ND 58801, USA","Williston, ND 58801, USA"
The Dank Closet,"
SCLT0136
",Adult-Use,"Barton County, KS, USA",12,,VTCCB,Vermont Cannabis Control Board,VT,,,,,,,,,,,,,,The Dank Closet,2023-04-25T08:24:42.203784,38.5000699,-98.6600586,Barton County,"Barton County, KS, USA","Barton County, KS, USA"
"VVS Labs, LLC","
SCLT0062
",Adult-Use,Hartford,13,,VTCCB,Vermont Cannabis Control Board,VT,,,,,,,,,,,,,,"VVS Labs, LLC",2023-04-25T08:24:42.203784,43.6489596,-72.3192579,Windsor County,White River Junction,VT
"Birdman Inc, Birdman Vermont","
SCLT0056
",Adult-Use,,14,,VTCCB,Vermont Cannabis Control Board,VT,,,,,,,,,,,,,,"Birdman Inc, Birdman Vermont",2023-04-25T08:24:42.203784,,,,,
Phyto Physic LLC,"
SCLT0109
",Adult-Use,,15,,VTCCB,Vermont Cannabis Control Board,VT,,,,,,,,,,,,,,Phyto Physic LLC,2023-04-25T08:24:42.203784,,,,,
RootLand Cannabis LLC,"
SCLT0135
",Adult-Use,,16,,VTCCB,Vermont Cannabis Control Board,VT,,,,,,,,,,,,,,RootLand Cannabis LLC,2023-04-25T08:24:42.203784,,,,,
BIG Intelligence Group,"
SCLT0104
",Adult-Use,"Worcester, MA, USA",17,,VTCCB,Vermont Cannabis Control Board,VT,,,,,,,,,,,,,,BIG Intelligence Group,2023-04-25T08:24:42.203784,42.2625932,-71.8022934,Worcester County,"Worcester, MA, USA","Worcester, MA, USA"
Cognizant Sparks LLC,"
SCLT0187
",Adult-Use,,18,,VTCCB,Vermont Cannabis Control Board,VT,,,,,,,,,,,,,,Cognizant Sparks LLC,2023-04-25T08:24:42.203784,,,,,
Mad River Terps LLC,"
SCLT0086
",Adult-Use,VT,19,,VTCCB,Vermont Cannabis Control Board,VT,,,,,,,,,,,,,,Mad River Terps LLC,2023-04-25T08:24:42.203784,44.2272782,-73.05734269999999,Addison County,Starksboro,USA
RockLake,"
SCLT0108
",Adult-Use,"155 Academy Ave, Greenwood, SC 29646, USA",20,,VTCCB,Vermont Cannabis Control Board,VT,,,,,,,,,,,,,,RockLake,2023-04-25T08:24:42.203784,34.1771351,-82.1549043,Greenwood County,"155 Academy Ave, Greenwood, SC 29646, USA","155 Academy Ave, Greenwood, SC 29646, USA"
Green Mountain Dreams LLC; Green Mountain Dreams,"
SCLT0118
",Adult-Use,,21,,VTCCB,Vermont Cannabis Control Board,VT,,,,,,,,,,,,,,Green Mountain Dreams LLC; Green Mountain Dreams,2023-04-25T08:24:42.203784,,,,,
Green Fish Family Farm LLC,"
SCLT0145
",Adult-Use,,22,,VTCCB,Vermont Cannabis Control Board,VT,,,,,,,,,,,,,,Green Fish Family Farm LLC,2023-04-25T08:24:42.203784,,,,,
SA Cultivation LLC,"
SCLT0134
",Adult-Use,"Plymouth, MA, USA",23,,VTCCB,Vermont Cannabis Control Board,VT,,,,,,,,,,,,,,SA Cultivation LLC,2023-04-25T08:24:42.203784,41.9584457,-70.6672621,Plymouth County,"Plymouth, MA, USA","Plymouth, MA, USA"
Crescent Moon Farm LLC,"
SCLT0151
",Adult-Use,Burke,24,,VTCCB,Vermont Cannabis Control Board,VT,,,,,,,,,,,,,,Crescent Moon Farm LLC,2023-04-25T08:24:42.203784,44.64144170000001,-71.978707,Caledonia County,West Burke,05871
Dedicated,"
SCLT0137
",Adult-Use,VT,25,,VTCCB,Vermont Cannabis Control Board,VT,,,,,,,,,,,,,,Dedicated,2023-04-25T08:24:42.203784,44.2056098,-73.2462341,Addison County,Ferrisburgh,USA
Florist VT LLC,"
SCLT0103
",Adult-Use,VT,26,,VTCCB,Vermont Cannabis Control Board,VT,,,,,,,,,,,,,,Florist VT LLC,2023-04-25T08:24:42.203784,44.2272782,-73.05734269999999,Addison County,Starksboro,USA
DBC LLC; High Altitude Cannabis (DBA),"
SCLT0162
",Adult-Use,"Hardwick, MA, USA",27,,VTCCB,Vermont Cannabis Control Board,VT,,,,,,,,,,,,,,DBC LLC; High Altitude Cannabis (DBA),2023-04-25T08:24:42.203784,42.3490548,-72.1986558,Worcester County,"Hardwick, MA, USA","Hardwick, MA, USA"
Verdiggity Living Organics LLC,"
SCLT0153
",Adult-Use,"Manchester, UK",28,,VTCCB,Vermont Cannabis Control Board,VT,,,,,,,,,,,,,,Verdiggity Living Organics LLC,2023-04-25T08:24:42.203784,53.4807593,-2.2426305,Greater Manchester,"Manchester, UK","Manchester, UK"
King Cola LLC,"
SCLT0161
",Adult-Use,"Williamstown, MA 01267, USA",29,,VTCCB,Vermont Cannabis Control Board,VT,,,,,,,,,,,,,,King Cola LLC,2023-04-25T08:24:42.203784,42.7120196,-73.20368979999999,Berkshire County,"Williamstown, MA 01267, USA","Williamstown, MA 01267, USA"
Northern Green,"
SCLT0194
",Adult-Use,"Colchester, UK",30,,VTCCB,Vermont Cannabis Control Board,VT,,,,,,,,,,,,,,Northern Green,2023-04-25T08:24:42.203784,51.895927,0.8918740000000001,Essex,"Colchester, UK","Colchester, UK"
Grease Line Cannabis,"
SCLT0119
",Adult-Use,"Weathersfield Township, OH, USA",31,,VTCCB,Vermont Cannabis Control Board,VT,,,,,,,,,,,,,,Grease Line Cannabis,2023-04-25T08:24:42.203784,41.1723807,-80.7879407,Trumbull County,"Weathersfield Township, OH, USA","Weathersfield Township, OH, USA"
Choice Terp LLC,"
SCLT0113
",Adult-Use,Highgate,32,,VTCCB,Vermont Cannabis Control Board,VT,,,,,,,,,,,,,,Choice Terp LLC,2023-04-25T08:24:42.203784,44.9385149,-73.0454456,Franklin County,Highgate Center,05459
Green River Cannabis Company,"
SCLT0120
",Adult-Use,"Hyde Park, London, UK",33,,VTCCB,Vermont Cannabis Control Board,VT,,,,,,,,,,,,,,Green River Cannabis Company,2023-04-25T08:24:42.203784,51.5072682,-0.1657303,Greater London,"Hyde Park, London, UK","Hyde Park, London, UK"
Naked Hemp,"
SCLT0201
",Adult-Use,VT,34,,VTCCB,Vermont Cannabis Control Board,VT,,,,,,,,,,,,,,Naked Hemp,2023-04-25T08:24:42.203784,44.5416243,-72.3486803,Caledonia County,Hardwick,USA
Weed Connections,"
SCLT0169
",Adult-Use,"Mendon, MA, USA",35,,VTCCB,Vermont Cannabis Control Board,VT,,,,,,,,,,,,,,Weed Connections,2023-04-25T08:24:42.203784,42.1056525,-71.5522859,Worcester County,"Mendon, MA, USA","Mendon, MA, USA"
OGW Cannabis LLC,"
SCLT0171
",Adult-Use,"Bristol, UK",36,,VTCCB,Vermont Cannabis Control Board,VT,,,,,,,,,,,,,,OGW Cannabis LLC,2023-04-25T08:24:42.203784,51.454513,-2.58791,Bristol City,"Bristol, UK","Bristol, UK"
Fern's Flowers LLC; Fern's Flowers,"
SCLT0121
",Adult-Use,Cavendish,37,,VTCCB,Vermont Cannabis Control Board,VT,,,,,,,,,,,,,,Fern's Flowers LLC; Fern's Flowers,2023-04-25T08:24:42.203784,43.3910072,-72.63581340000002,Windsor County,Proctorsville,VT
District 802 LLC,"
SCLT0152
",Adult-Use,VT 05301,38,,VTCCB,Vermont Cannabis Control Board,VT,,,,,,,,,,,,,,District 802 LLC,2023-04-25T08:24:42.203784,42.8509152,-72.5578678,Windham County,Brattleboro,USA
Turkey Hollow Cannabis,"
SCLT0160
",Adult-Use,"3009 Broadway, New York, NY 10027, USA",39,,VTCCB,Vermont Cannabis Control Board,VT,,,,,,,,,,,,,,Turkey Hollow Cannabis,2023-04-25T08:24:42.203784,40.8095133,-73.96339689999999,New York County,"3009 Broadway, New York, NY 10027, USA","3009 Broadway, New York, NY 10027, USA"
Cann Able Farms LLC,"
SCLT0130
",Adult-Use,VT 05440,40,,VTCCB,Vermont Cannabis Control Board,VT,,,,,,,,,,,,,,Cann Able Farms LLC,2023-04-25T08:24:42.203784,44.9750541,-73.30022389999999,Grand Isle County,Alburgh,USA
Heady Righton LLC,"
SCLT0143
",Adult-Use,"Charlotte, NC, USA",41,,VTCCB,Vermont Cannabis Control Board,VT,,,,,,,,,,,,,,Heady Righton LLC,2023-04-25T08:24:42.203784,35.2270869,-80.8431267,Mecklenburg County,"Charlotte, NC, USA","Charlotte, NC, USA"
Tall Truck,"
SCLT0146
",Adult-Use,Danville,42,,VTCCB,Vermont Cannabis Control Board,VT,,,,,,,,,,,,,,Tall Truck,2023-04-25T08:24:42.203784,44.4078953,-72.2104832,Caledonia County,West Danville,05873
Brown Dog Cannabis,"
SCLT0168
",Adult-Use,"Weybridge, UK",43,,VTCCB,Vermont Cannabis Control Board,VT,,,,,,,,,,,,,,Brown Dog Cannabis,2023-04-25T08:24:42.203784,51.3716269,-0.457904,Surrey,"Weybridge, UK","Weybridge, UK"
Tunbridge Roots LLC,"
SCLT0182
",Adult-Use,VT,44,,VTCCB,Vermont Cannabis Control Board,VT,,,,,,,,,,,,,,Tunbridge Roots LLC,2023-04-25T08:24:42.203784,43.9198761,-72.4782827,Orange County,Tunbridge,USA
Four Turtles Farm,"
SCLT0166
",Adult-Use,"Montpellier, France",45,,VTCCB,Vermont Cannabis Control Board,VT,,,,,,,,,,,,,,Four Turtles Farm,2023-04-25T08:24:42.203784,43.610769,3.876716,Hérault,"Montpellier, France","Montpellier, France"
Sunny View Farm LLC,"
SCLT0142
",Adult-Use,Jericho,46,,VTCCB,Vermont Cannabis Control Board,VT,,,,,,,,,,,,,,Sunny View Farm LLC,2023-04-25T08:24:42.203784,31.8611058,35.4617583,,Jericho,Jericho
"Apex Arboretum, LLC; dba Green State Dispensary; dba Upstate Elevator Operators","
SCLT0158
",Adult-Use,,47,,VTCCB,Vermont Cannabis Control Board,VT,,,,,,,,,,,,,,"Apex Arboretum, LLC; dba Green State Dispensary; dba Upstate Elevator Operators",2023-04-25T08:24:42.203784,,,,,
Passion Fruit Farms LLC,"
SCLT0216
",Adult-Use,Essex,48,,VTCCB,Vermont Cannabis Control Board,VT,,,,,,,,,,,,,,Passion Fruit Farms LLC,2023-04-25T08:24:42.203784,44.4905433,-73.11122069999999,Chittenden County,Essex Junction,VT
VTGRN,"
SCLT0149
",Adult-Use,VT,49,,VTCCB,Vermont Cannabis Control Board,VT,,,,,,,,,,,,,,VTGRN,2023-04-25T08:24:42.203784,44.2272782,-73.05734269999999,Addison County,Starksboro,USA
TCD Enterprises,"
SCLT0208
",Adult-Use,"Newport, RI, USA",50,,VTCCB,Vermont Cannabis Control Board,VT,,,,,,,,,,,,,,TCD Enterprises,2023-04-25T08:24:42.203784,41.4901024,-71.3128285,Newport County,"Newport, RI, USA","Newport, RI, USA"
Humble Skunk,"
SCLT0191
",Adult-Use,"Westford, MA 01886, USA",51,,VTCCB,Vermont Cannabis Control Board,VT,,,,,,,,,,,,,,Humble Skunk,2023-04-25T08:24:42.203784,42.5792583,-71.4378411,Middlesex County,"Westford, MA 01886, USA","Westford, MA 01886, USA"
Firetower Cannabis LLC,"
SCLT0185
",Adult-Use,,52,,VTCCB,Vermont Cannabis Control Board,VT,,,,,,,,,,,,,,Firetower Cannabis LLC,2023-04-25T08:24:42.203784,,,,,
Monarch Cultivation LLC,"
SCLT0193
",Adult-Use,"East Haven, CT, USA",53,,VTCCB,Vermont Cannabis Control Board,VT,,,,,,,,,,,,,,Monarch Cultivation LLC,2023-04-25T08:24:42.203784,41.2841687,-72.8684565,New Haven County,"East Haven, CT, USA","East Haven, CT, USA"
Sleeper's Garden,"
SCLT0210
",Adult-Use,Jericho,54,,VTCCB,Vermont Cannabis Control Board,VT,,,,,,,,,,,,,,Sleeper's Garden,2023-04-25T08:24:42.203784,31.8611058,35.4617583,,Jericho,Jericho
Cloud 9 THC LLC,"
SCLT0203
",Adult-Use,"East Hardwick, Pontefract WF8, UK",55,,VTCCB,Vermont Cannabis Control Board,VT,,,,,,,,,,,,,,Cloud 9 THC LLC,2023-04-25T08:24:42.203784,53.6617301,-1.2989609,West Yorkshire,"East Hardwick, Pontefract WF8, UK","East Hardwick, Pontefract WF8, UK"
Kingdom Boyz,"
SCLT0218
",Adult-Use,Charleston,56,,VTCCB,Vermont Cannabis Control Board,VT,,,,,,,,,,,,,,Kingdom Boyz,2023-04-25T08:24:42.203784,44.89938799999999,-72.06181099999999,Orleans County,West Charleston,VT
VTegridy Farms,"
SCLT0214
",Adult-Use,"Hardwick, MA, USA",57,,VTCCB,Vermont Cannabis Control Board,VT,,,,,,,,,,,,,,VTegridy Farms,2023-04-25T08:24:42.203784,42.3490548,-72.1986558,Worcester County,"Hardwick, MA, USA","Hardwick, MA, USA"
High Brix Cannabis Vermont,"
SCLT0219
",Adult-Use,"Hyde Park, London, UK",58,,VTCCB,Vermont Cannabis Control Board,VT,,,,,,,,,,,,,,High Brix Cannabis Vermont,2023-04-25T08:24:42.203784,51.5072682,-0.1657303,Greater London,"Hyde Park, London, UK","Hyde Park, London, UK"
Hidden Door Cannabis LLC,"
SCLT0211
",Adult-Use,"Castleton, Hope Valley S33, UK",59,,VTCCB,Vermont Cannabis Control Board,VT,,,,,,,,,,,,,,Hidden Door Cannabis LLC,2023-04-25T08:24:42.203784,53.34368139999999,-1.7765105,Derbyshire,"Castleton, Hope Valley S33, UK","Castleton, Hope Valley S33, UK"
802Farmacy LLC,"
SCLT0207
",Adult-Use,"Wolcott, CT 06716, USA",60,,VTCCB,Vermont Cannabis Control Board,VT,,,,,,,,,,,,,,802Farmacy LLC,2023-04-25T08:24:42.203784,41.6023196,-72.9867718,New Haven County,"Wolcott, CT 06716, USA","Wolcott, CT 06716, USA"
Palm Treez LLC,"
SCLT0217
",Adult-Use,Georgia,61,,VTCCB,Vermont Cannabis Control Board,VT,,,,,,,,,,,,,,Palm Treez LLC,2023-04-25T08:24:42.203784,42.315407,43.35689199999999,,Georgia,Georgia
The Higher Collective,"
SCLT0213
",Adult-Use,"N Middlesex Rd, Middlesex Township, PA 17013, USA",62,,VTCCB,Vermont Cannabis Control Board,VT,,,,,,,,,,,,,,The Higher Collective,2023-04-25T08:24:42.203784,40.2521717,-77.139805,Cumberland County,"N Middlesex Rd, Middlesex Township, PA 17013, USA","N Middlesex Rd, Middlesex Township, PA 17013, USA"
"High Priestess LLC, High Priestess","
SCLT0224
",Adult-Use,VT 05301,63,,VTCCB,Vermont Cannabis Control Board,VT,,,,,,,,,,,,,,"High Priestess LLC, High Priestess",2023-04-25T08:24:42.203784,42.8509152,-72.5578678,Windham County,Brattleboro,USA
Mr. Tree,"
SCLT0225
",Adult-Use,VT,64,,VTCCB,Vermont Cannabis Control Board,VT,,,,,,,,,,,,,,Mr. Tree,2023-04-25T08:24:42.203784,44.4669941,-73.1709604,Chittenden County,South Burlington,USA
Density,"
SCLT0237
",Adult-Use,,65,,VTCCB,Vermont Cannabis Control Board,VT,,,,,,,,,,,,,,Density,2023-04-25T08:24:42.203784,,,,,
"
Cosmic Giggle Cannabis LLC
",SCLT0236,Adult-Use,VT,66,,VTCCB,Vermont Cannabis Control Board,VT,,,,,,,,,,,,,,"
Cosmic Giggle Cannabis LLC
",2023-04-25T08:24:42.203784,44.3806065,-73.227626,Chittenden County,Shelburne,USA
"
Wookberry Farm LLC
",SCLT0235,Adult-Use,"Fairfax, VA, USA",67,,VTCCB,Vermont Cannabis Control Board,VT,,,,,,,,,,,,,,"
Wookberry Farm LLC
",2023-04-25T08:24:42.203784,38.84622359999999,-77.30637329999999,,"Fairfax, VA, USA","Fairfax, VA, USA"
"
Greenmont Craft Cannabis Co
",SCLT0233,Adult-Use,Jericho,68,,VTCCB,Vermont Cannabis Control Board,VT,,,,,,,,,,,,,,"
Greenmont Craft Cannabis Co
",2023-04-25T08:24:42.203784,31.8611058,35.4617583,,Jericho,Jericho
 , ,Adult-Use,,69,,VTCCB,Vermont Cannabis Control Board,VT,,,,,,,,,,,,,, ,2023-04-25T08:24:42.203784,,,,,
,,Adult-Use,,70,,VTCCB,Vermont Cannabis Control Board,VT,,,,,,,,,,,,,,,2023-04-25T08:24:42.203784,,,,,
"
Euphoria Cannabis Products LLC
","
CLTV0055
",Adult-Use,VT,71,,VTCCB,Vermont Cannabis Control Board,VT,,,,,,,,,,,,,,"
Euphoria Cannabis Products LLC
",2023-04-25T08:24:42.203784,44.4905054,-73.1112433,Chittenden County,Essex,USA
"
Grass Queen, Inc.
","
CLTV0066
",Adult-Use,"Plainfield, IL, USA",72,,VTCCB,Vermont Cannabis Control Board,VT,,,,,,,,,,,,,,"
Grass Queen, Inc.
",2023-04-25T08:24:42.203784,41.632223,-88.2120315,Will County,"Plainfield, IL, USA","Plainfield, IL, USA"
"
Bern Living Organics, LLC; Bern Living Organics
","
CLTV0089
",Adult-Use,VT,73,,VTCCB,Vermont Cannabis Control Board,VT,,,,,,,,,,,,,,"
Bern Living Organics, LLC; Bern Living Organics
",2023-04-25T08:24:42.203784,44.2056098,-73.2462341,Addison County,Ferrisburgh,USA
"
NEK Gardens
","
CLTV0095
",Adult-Use,"Danville, VA, USA",74,,VTCCB,Vermont Cannabis Control Board,VT,,,,,,,,,,,,,,"
NEK Gardens
",2023-04-25T08:24:42.203784,36.5859718,-79.39502279999999,,"Danville, VA, USA","Danville, VA, USA"
"
Subterra Cannabis LLC
","
CLTV0093
",Adult-Use,VT 05301,75,,VTCCB,Vermont Cannabis Control Board,VT,,,,,,,,,,,,,,"
Subterra Cannabis LLC
",2023-04-25T08:24:42.203784,42.8509152,-72.5578678,Windham County,Brattleboro,USA
"
Rainbows End Cannabis  or Rainbows End Cannabis LLC
","
CLTV0102
",Adult-Use,"Westminster, London SW1, UK",76,,VTCCB,Vermont Cannabis Control Board,VT,,,,,,,,,,,,,,"
Rainbows End Cannabis  or Rainbows End Cannabis LLC
",2023-04-25T08:24:42.203784,51.4974948,-0.1356583,Greater London,"Westminster, London SW1, UK","Westminster, London SW1, UK"
"
Giving Tree Cannabis LLC
","
CLTV0104
",Adult-Use,VT,77,,VTCCB,Vermont Cannabis Control Board,VT,,,,,,,,,,,,,,"
Giving Tree Cannabis LLC
",2023-04-25T08:24:42.203784,43.3465552,-73.177286,Rutland County,Pawlet,USA
"
Green Mountain Cannabis North
","
CLTV0083
",Adult-Use,"St Albans, UK",78,,VTCCB,Vermont Cannabis Control Board,VT,,,,,,,,,,,,,,"
Green Mountain Cannabis North
",2023-04-25T08:24:42.203784,51.752725,-0.339436,Hertfordshire,"St Albans, UK","St Albans, UK"
"
The Flying Cactus
",CLTV0109,Adult-Use,"Fair Haven, NJ, USA",79,,VTCCB,Vermont Cannabis Control Board,VT,,,,,,,,,,,,,,"
The Flying Cactus
",2023-04-25T08:24:42.203784,40.3606653,-74.03819469999999,Monmouth County,"Fair Haven, NJ, USA","Fair Haven, NJ, USA"
"
Seven Leaf Genetics
",CLTV0234,Adult-Use,"North Hyde Park, Tampa, FL, USA",80,,VTCCB,Vermont Cannabis Control Board,VT,,,,,,,,,,,,,,"
Seven Leaf Genetics
",2023-04-25T08:24:42.203784,27.9506018,-82.47884189999999,Hillsborough County,"North Hyde Park, Tampa, FL, USA","North Hyde Park, Tampa, FL, USA"
"
Gas Factory LLC, DBA Gas Factory
",CLTV0110,Adult-Use,"Williston, ND 58801, USA",81,,VTCCB,Vermont Cannabis Control Board,VT,,,,,,,,,,,,,,"
Gas Factory LLC, DBA Gas Factory
",2023-04-25T08:24:42.203784,48.1469683,-103.6179745,Williams County,"Williston, ND 58801, USA","Williston, ND 58801, USA"
,,Adult-Use,,82,,VTCCB,Vermont Cannabis Control Board,VT,,,,,,,,,,,,,,,2023-04-25T08:24:42.203784,,,,,
"
Arcadia Cannabis Company LLC
","
CLTV0022
",Adult-Use,"Essex, UK",83,,VTCCB,Vermont Cannabis Control Board,VT,,,,,,,,,,,,,,"
Arcadia Cannabis Company LLC
",2023-04-25T08:24:42.203784,51.57424469999999,0.4856781,Essex,"Essex, UK","Essex, UK"
"
Mr. Z Craft Cannabis Inc.
","
CLTV0086
",Adult-Use,VT 05753,84,,VTCCB,Vermont Cannabis Control Board,VT,,,,,,,,,,,,,,"
Mr. Z Craft Cannabis Inc.
",2023-04-25T08:24:42.203784,44.0153371,-73.16734,Addison County,Middlebury,USA
"
DEMETERS DG, LLC
","
CLTV0068
",Adult-Use,VT 05301,85,,VTCCB,Vermont Cannabis Control Board,VT,,,,,,,,,,,,,,"
DEMETERS DG, LLC
",2023-04-25T08:24:42.203784,42.8509152,-72.5578678,Windham County,Brattleboro,USA
"Pinnacle Valley Farms, LLC","
CLTV0077
",Adult-Use,"Randolph, NJ, USA",86,,VTCCB,Vermont Cannabis Control Board,VT,,,,,,,,,,,,,,"Pinnacle Valley Farms, LLC",2023-04-25T08:24:42.203784,40.8478065,-74.5747248,Morris County,"Randolph, NJ, USA","Randolph, NJ, USA"
"
ForbinsFinest,LLC
","
CLTV0087
",Adult-Use,,87,,VTCCB,Vermont Cannabis Control Board,VT,,,,,,,,,,,,,,"
ForbinsFinest,LLC
",2023-04-25T08:24:42.203784,,,,,
"
The Clean Cannabis Company
","
CLTV0090
",Adult-Use,"Hardwick, MA, USA",88,,VTCCB,Vermont Cannabis Control Board,VT,,,,,,,,,,,,,,"
The Clean Cannabis Company
",2023-04-25T08:24:42.203784,42.3490548,-72.1986558,Worcester County,"Hardwick, MA, USA","Hardwick, MA, USA"
Medi Leaf Farms LLC,CLTV0105,Adult-Use,,89,,VTCCB,Vermont Cannabis Control Board,VT,,,,,,,,,,,,,,Medi Leaf Farms LLC,2023-04-25T08:24:42.203784,,,,,
,,Adult-Use,,90,,VTCCB,Vermont Cannabis Control Board,VT,,,,,,,,,,,,,,,2023-04-25T08:24:42.203784,,,,,
"
Satori Investment Partners VT LLC (d/b/a/ (1) Satori VT and (2) Northeast Processing)
","
CLTV0067
",Adult-Use,VT 05753,91,,VTCCB,Vermont Cannabis Control Board,VT,,,,,,,,,,,,,,"
Satori Investment Partners VT LLC (d/b/a/ (1) Satori VT and (2) Northeast Processing)
",2023-04-25T08:24:42.203784,44.0153371,-73.16734,Addison County,Middlebury,USA
Armetra Wilcox LLC,"
SCLT0002
",Adult-Use,,92,,VTCCB,Vermont Cannabis Control Board,VT,,,,,,,,,,,,,,Armetra Wilcox LLC,2023-04-25T08:24:42.203784,,,,,
Great Brook Homestead,"
SCLT0003
",Adult-Use,,93,,VTCCB,Vermont Cannabis Control Board,VT,,,,,,,,,,,,,,Great Brook Homestead,2023-04-25T08:24:42.203784,,,,,
"Big Dipper Farm, LLC","
SCLT0048
",Adult-Use,,94,,VTCCB,Vermont Cannabis Control Board,VT,,,,,,,,,,,,,,"Big Dipper Farm, LLC",2023-04-25T08:24:42.203784,,,,,
DBA Off Piste Farm,"
SCLT0031
",Adult-Use,,95,,VTCCB,Vermont Cannabis Control Board,VT,,,,,,,,,,,,,,DBA Off Piste Farm,2023-04-25T08:24:42.203784,,,,,
DBA Kodiac's Treasure,"
SCLT0026
",Adult-Use,,96,,VTCCB,Vermont Cannabis Control Board,VT,,,,,,,,,,,,,,DBA Kodiac's Treasure,2023-04-25T08:24:42.203784,,,,,
"Shindig & G's Craft Cannabis, LLC","
SCLT0044
",Adult-Use,,97,,VTCCB,Vermont Cannabis Control Board,VT,,,,,,,,,,,,,,"Shindig & G's Craft Cannabis, LLC",2023-04-25T08:24:42.203784,,,,,
Birdland LLC,"
SCLT0017
",Adult-Use,,98,,VTCCB,Vermont Cannabis Control Board,VT,,,,,,,,,,,,,,Birdland LLC,2023-04-25T08:24:42.203784,,,,,
"Hella Gud, LLC","
SCLT0024
",Adult-Use,,99,,VTCCB,Vermont Cannabis Control Board,VT,,,,,,,,,,,,,,"Hella Gud, LLC",2023-04-25T08:24:42.203784,,,,,
Victory Gardens,"
SCLT0033
",Adult-Use,,100,,VTCCB,Vermont Cannabis Control Board,VT,,,,,,,,,,,,,,Victory Gardens,2023-04-25T08:24:42.203784,,,,,
DBA Edward's,"
SCLT0012
",Adult-Use,,101,,VTCCB,Vermont Cannabis Control Board,VT,,,,,,,,,,,,,,DBA Edward's,2023-04-25T08:24:42.203784,,,,,
Green Mountain Integrity,"
SCLT0079
",Adult-Use,,102,,VTCCB,Vermont Cannabis Control Board,VT,,,,,,,,,,,,,,Green Mountain Integrity,2023-04-25T08:24:42.203784,,,,,
Ripple Communications,"
SCLT0039
",Adult-Use,,103,,VTCCB,Vermont Cannabis Control Board,VT,,,,,,,,,,,,,,Ripple Communications,2023-04-25T08:24:42.203784,,,,,
"Crystal Mountain, LLC","
SCLT0034
",Adult-Use,,104,,VTCCB,Vermont Cannabis Control Board,VT,,,,,,,,,,,,,,"Crystal Mountain, LLC",2023-04-25T08:24:42.203784,,,,,
High Horse WeedWerks LLC,"
SCLT0090
",Adult-Use,,105,,VTCCB,Vermont Cannabis Control Board,VT,,,,,,,,,,,,,,High Horse WeedWerks LLC,2023-04-25T08:24:42.203784,,,,,
Snug Farm,"
SCLT0132
",Adult-Use,,106,,VTCCB,Vermont Cannabis Control Board,VT,,,,,,,,,,,,,,Snug Farm,2023-04-25T08:24:42.203784,,,,,
Split Acres Sungrown LLC,"
SCLT0084
",Adult-Use,,107,,VTCCB,Vermont Cannabis Control Board,VT,,,,,,,,,,,,,,Split Acres Sungrown LLC,2023-04-25T08:24:42.203784,,,,,
Lost Lake Cannabis LLC,"
SCLT0021
",Adult-Use,,108,,VTCCB,Vermont Cannabis Control Board,VT,,,,,,,,,,,,,,Lost Lake Cannabis LLC,2023-04-25T08:24:42.203784,,,,,
Moon Waters Farm of Vermont LLC,"
SCLT0035
",Adult-Use,,109,,VTCCB,Vermont Cannabis Control Board,VT,,,,,,,,,,,,,,Moon Waters Farm of Vermont LLC,2023-04-25T08:24:42.203784,,,,,
Peregrine Farm LLC,"
SCLT0060
",Adult-Use,,110,,VTCCB,Vermont Cannabis Control Board,VT,,,,,,,,,,,,,,Peregrine Farm LLC,2023-04-25T08:24:42.203784,,,,,
"Bizzee Beez Organics, LLC","
SCLT0045
",Adult-Use,,111,,VTCCB,Vermont Cannabis Control Board,VT,,,,,,,,,,,,,,"Bizzee Beez Organics, LLC",2023-04-25T08:24:42.203784,,,,,
"Kanna, LLC","
SCLT0133
",Adult-Use,,112,,VTCCB,Vermont Cannabis Control Board,VT,,,,,,,,,,,,,,"Kanna, LLC",2023-04-25T08:24:42.203784,,,,,
Banting Farm Buds LLC,"
SCLT0041
",Adult-Use,,113,,VTCCB,Vermont Cannabis Control Board,VT,,,,,,,,,,,,,,Banting Farm Buds LLC,2023-04-25T08:24:42.203784,,,,,
"Roaring Branch Farm, LLC","
SCLT0027
",Adult-Use,,114,,VTCCB,Vermont Cannabis Control Board,VT,,,,,,,,,,,,,,"Roaring Branch Farm, LLC",2023-04-25T08:24:42.203784,,,,,
"High Mountain Homegrown, LLC","
SCLT0037
",Adult-Use,,115,,VTCCB,Vermont Cannabis Control Board,VT,,,,,,,,,,,,,,"High Mountain Homegrown, LLC",2023-04-25T08:24:42.203784,,,,,
"Birch Haven Farm, LLC","
SCLT0070
",Adult-Use,,116,,VTCCB,Vermont Cannabis Control Board,VT,,,,,,,,,,,,,,"Birch Haven Farm, LLC",2023-04-25T08:24:42.203784,,,,,
"Purple Lark Farm, LLC (legal name) and Motherflower (brand name)","
SCLT0030
",Adult-Use,,117,,VTCCB,Vermont Cannabis Control Board,VT,,,,,,,,,,,,,,"Purple Lark Farm, LLC (legal name) and Motherflower (brand name)",2023-04-25T08:24:42.203784,,,,,
"Rising Sun Sensi, LLC","
SCLT0069
",Adult-Use,,118,,VTCCB,Vermont Cannabis Control Board,VT,,,,,,,,,,,,,,"Rising Sun Sensi, LLC",2023-04-25T08:24:42.203784,,,,,
"7enith Farm, LLC","
SCLT0042
",Adult-Use,,119,,VTCCB,Vermont Cannabis Control Board,VT,,,,,,,,,,,,,,"7enith Farm, LLC",2023-04-25T08:24:42.203784,,,,,
"OK Organix, LLC","
SCLT0057
",Adult-Use,,120,,VTCCB,Vermont Cannabis Control Board,VT,,,,,,,,,,,,,,"OK Organix, LLC",2023-04-25T08:24:42.203784,,,,,
"Cloudy Day Farm, LLC","
SCLT0075
",Adult-Use,,121,,VTCCB,Vermont Cannabis Control Board,VT,,,,,,,,,,,,,,"Cloudy Day Farm, LLC",2023-04-25T08:24:42.203784,,,,,
"Lovely Cannabis, LLC","
SCLT0065
",Adult-Use,,122,,VTCCB,Vermont Cannabis Control Board,VT,,,,,,,,,,,,,,"Lovely Cannabis, LLC",2023-04-25T08:24:42.203784,,,,,
Cleary Farm Cannabis LLC,"
SCLT0058
",Adult-Use,,123,,VTCCB,Vermont Cannabis Control Board,VT,,,,,,,,,,,,,,Cleary Farm Cannabis LLC,2023-04-25T08:24:42.203784,,,,,
Life Arises Farm LLC,"
SCLT0076
",Adult-Use,,124,,VTCCB,Vermont Cannabis Control Board,VT,,,,,,,,,,,,,,Life Arises Farm LLC,2023-04-25T08:24:42.203784,,,,,
Bud Bird Farm,"
SCLT0046
",Adult-Use,,125,,VTCCB,Vermont Cannabis Control Board,VT,,,,,,,,,,,,,,Bud Bird Farm,2023-04-25T08:24:42.203784,,,,,
Highly Rooted,"
SCLT0100
",Adult-Use,,126,,VTCCB,Vermont Cannabis Control Board,VT,,,,,,,,,,,,,,Highly Rooted,2023-04-25T08:24:42.203784,,,,,
Brookfield Buds LLC,"
SCLT0043
",Adult-Use,,127,,VTCCB,Vermont Cannabis Control Board,VT,,,,,,,,,,,,,,Brookfield Buds LLC,2023-04-25T08:24:42.203784,,,,,
TrichomeVT,"
SCLT0055
",Adult-Use,,128,,VTCCB,Vermont Cannabis Control Board,VT,,,,,,,,,,,,,,TrichomeVT,2023-04-25T08:24:42.203784,,,,,
Vermont LTC Grow,"
SCLT0129
",Adult-Use,,129,,VTCCB,Vermont Cannabis Control Board,VT,,,,,,,,,,,,,,Vermont LTC Grow,2023-04-25T08:24:42.203784,,,,,
Peanut's Garden LLC,"
SCLT0091
",Adult-Use,,130,,VTCCB,Vermont Cannabis Control Board,VT,,,,,,,,,,,,,,Peanut's Garden LLC,2023-04-25T08:24:42.203784,,,,,
Encore Herbals LLC,"
SCLT0059
",Adult-Use,,131,,VTCCB,Vermont Cannabis Control Board,VT,,,,,,,,,,,,,,Encore Herbals LLC,2023-04-25T08:24:42.203784,,,,,
El Pasic Farm,"
SCLT0052
",Adult-Use,,132,,VTCCB,Vermont Cannabis Control Board,VT,,,,,,,,,,,,,,El Pasic Farm,2023-04-25T08:24:42.203784,,,,,
"Backwoods Cultivation, Backwoods Farm","
SCLT0053
",Adult-Use,,133,,VTCCB,Vermont Cannabis Control Board,VT,,,,,,,,,,,,,,"Backwoods Cultivation, Backwoods Farm",2023-04-25T08:24:42.203784,,,,,
"Sun Road Farms LLC, Sun Road Farms","
SCLT0094
",Adult-Use,,134,,VTCCB,Vermont Cannabis Control Board,VT,,,,,,,,,,,,,,"Sun Road Farms LLC, Sun Road Farms",2023-04-25T08:24:42.203784,,,,,
High Noon Cultivators LLC,"
SCLT0082
",Adult-Use,,135,,VTCCB,Vermont Cannabis Control Board,VT,,,,,,,,,,,,,,High Noon Cultivators LLC,2023-04-25T08:24:42.203784,,,,,
Montwood Hollow LLC,"
SCLT0066
",Adult-Use,,136,,VTCCB,Vermont Cannabis Control Board,VT,,,,,,,,,,,,,,Montwood Hollow LLC,2023-04-25T08:24:42.203784,,,,,
Last Minute Farm LLC,"
SCLT0047
",Adult-Use,,137,,VTCCB,Vermont Cannabis Control Board,VT,,,,,,,,,,,,,,Last Minute Farm LLC,2023-04-25T08:24:42.203784,,,,,
Big Budz LLC,"
SCLT0040
",Adult-Use,,138,,VTCCB,Vermont Cannabis Control Board,VT,,,,,,,,,,,,,,Big Budz LLC,2023-04-25T08:24:42.203784,,,,,
Cannamentals,"
SCLT0178
",Adult-Use,,139,,VTCCB,Vermont Cannabis Control Board,VT,,,,,,,,,,,,,,Cannamentals,2023-04-25T08:24:42.203784,,,,,
Teatime Herbal Company LLC,"
SCLT0095
",Adult-Use,,140,,VTCCB,Vermont Cannabis Control Board,VT,,,,,,,,,,,,,,Teatime Herbal Company LLC,2023-04-25T08:24:42.203784,,,,,
Green of Green Farms LLC,"
SCLT0092
",Adult-Use,,141,,VTCCB,Vermont Cannabis Control Board,VT,,,,,,,,,,,,,,Green of Green Farms LLC,2023-04-25T08:24:42.203784,,,,,
45 North Nurseries,"
SCLT0114
",Adult-Use,,142,,VTCCB,Vermont Cannabis Control Board,VT,,,,,,,,,,,,,,45 North Nurseries,2023-04-25T08:24:42.203784,,,,,
Hidden Leaf Homestead,"
SCLT0083
",Adult-Use,,143,,VTCCB,Vermont Cannabis Control Board,VT,,,,,,,,,,,,,,Hidden Leaf Homestead,2023-04-25T08:24:42.203784,,,,,
Kendawg's Kingdom Cannabis,"
SCLT0157
",Adult-Use,,144,,VTCCB,Vermont Cannabis Control Board,VT,,,,,,,,,,,,,,Kendawg's Kingdom Cannabis,2023-04-25T08:24:42.203784,,,,,
One Love Cannabis Collective LLC,"
SCLT0101
",Adult-Use,,145,,VTCCB,Vermont Cannabis Control Board,VT,,,,,,,,,,,,,,One Love Cannabis Collective LLC,2023-04-25T08:24:42.203784,,,,,
Meadow Creek Farm LLC,"
SCLT0074
",Adult-Use,,146,,VTCCB,Vermont Cannabis Control Board,VT,,,,,,,,,,,,,,Meadow Creek Farm LLC,2023-04-25T08:24:42.203784,,,,,
Three Barn Farm Cannabis,"
SCLT0159
",Adult-Use,,147,,VTCCB,Vermont Cannabis Control Board,VT,,,,,,,,,,,,,,Three Barn Farm Cannabis,2023-04-25T08:24:42.203784,,,,,
Goat Ridge Cannabis LLC,"
SCLT0081
",Adult-Use,,148,,VTCCB,Vermont Cannabis Control Board,VT,,,,,,,,,,,,,,Goat Ridge Cannabis LLC,2023-04-25T08:24:42.203784,,,,,
Burning Bush Farm,"
SCLT0177
",Adult-Use,,149,,VTCCB,Vermont Cannabis Control Board,VT,,,,,,,,,,,,,,Burning Bush Farm,2023-04-25T08:24:42.203784,,,,,
Fox and Hen Farms,"
SCLT0099
",Adult-Use,,150,,VTCCB,Vermont Cannabis Control Board,VT,,,,,,,,,,,,,,Fox and Hen Farms,2023-04-25T08:24:42.203784,,,,,
Moonlit Gardens,"
SCLT0164
",Adult-Use,,151,,VTCCB,Vermont Cannabis Control Board,VT,,,,,,,,,,,,,,Moonlit Gardens,2023-04-25T08:24:42.203784,,,,,
Vermont Green Buds LLC,"
SCLT0115
",Adult-Use,,152,,VTCCB,Vermont Cannabis Control Board,VT,,,,,,,,,,,,,,Vermont Green Buds LLC,2023-04-25T08:24:42.203784,,,,,
Green Mountain Gold Farm,"
SCLT0067
",Adult-Use,,153,,VTCCB,Vermont Cannabis Control Board,VT,,,,,,,,,,,,,,Green Mountain Gold Farm,2023-04-25T08:24:42.203784,,,,,
Lovespun Farmstead LLC,"
SCLT0150
",Adult-Use,,154,,VTCCB,Vermont Cannabis Control Board,VT,,,,,,,,,,,,,,Lovespun Farmstead LLC,2023-04-25T08:24:42.203784,,,,,
Brigham Hill Cultivation LLC,"
SCLT0117
",Adult-Use,,155,,VTCCB,Vermont Cannabis Control Board,VT,,,,,,,,,,,,,,Brigham Hill Cultivation LLC,2023-04-25T08:24:42.203784,,,,,
Cannabot Farms,"
SCLT0125
",Adult-Use,,156,,VTCCB,Vermont Cannabis Control Board,VT,,,,,,,,,,,,,,Cannabot Farms,2023-04-25T08:24:42.203784,,,,,
Far Away Farm LLC,"
SCLT0140
",Adult-Use,,157,,VTCCB,Vermont Cannabis Control Board,VT,,,,,,,,,,,,,,Far Away Farm LLC,2023-04-25T08:24:42.203784,,,,,
Double Black Grow Company,"
SCLT0122
",Adult-Use,,158,,VTCCB,Vermont Cannabis Control Board,VT,,,,,,,,,,,,,,Double Black Grow Company,2023-04-25T08:24:42.203784,,,,,
American Beauty,"
SCLT0154
",Adult-Use,,159,,VTCCB,Vermont Cannabis Control Board,VT,,,,,,,,,,,,,,American Beauty,2023-04-25T08:24:42.203784,,,,,
Horseshoe Farms LLC,"
SCLT0139
",Adult-Use,,160,,VTCCB,Vermont Cannabis Control Board,VT,,,,,,,,,,,,,,Horseshoe Farms LLC,2023-04-25T08:24:42.203784,,,,,
Casa Guarne Farms LLC,"
SCLT0206
",Adult-Use,,161,,VTCCB,Vermont Cannabis Control Board,VT,,,,,,,,,,,,,,Casa Guarne Farms LLC,2023-04-25T08:24:42.203784,,,,,
Vermont New Heirloom Genetics LLC,"
SCLT0144
",Adult-Use,,162,,VTCCB,Vermont Cannabis Control Board,VT,,,,,,,,,,,,,,Vermont New Heirloom Genetics LLC,2023-04-25T08:24:42.203784,,,,,
"Tilia Hills, Tilia Hills Farm, Tilia Hills LLC","
SCLT0167
",Adult-Use,,163,,VTCCB,Vermont Cannabis Control Board,VT,,,,,,,,,,,,,,"Tilia Hills, Tilia Hills Farm, Tilia Hills LLC",2023-04-25T08:24:42.203784,,,,,
"Red Clover Canopies, Inc.","
SCLT0123
",Adult-Use,,164,,VTCCB,Vermont Cannabis Control Board,VT,,,,,,,,,,,,,,"Red Clover Canopies, Inc.",2023-04-25T08:24:42.203784,,,,,
Cremation Solutions LLC DBA Vermont Pot,"
SCLT0148
",Adult-Use,,165,,VTCCB,Vermont Cannabis Control Board,VT,,,,,,,,,,,,,,Cremation Solutions LLC DBA Vermont Pot,2023-04-25T08:24:42.203784,,,,,
"OnlyinVT LLC, OnlyinVT, Only in VT","
SCLT0165
",Adult-Use,,166,,VTCCB,Vermont Cannabis Control Board,VT,,,,,,,,,,,,,,"OnlyinVT LLC, OnlyinVT, Only in VT",2023-04-25T08:24:42.203784,,,,,
Taconic Chronic LLC,"
SCLT0190
",Adult-Use,,167,,VTCCB,Vermont Cannabis Control Board,VT,,,,,,,,,,,,,,Taconic Chronic LLC,2023-04-25T08:24:42.203784,,,,,
Mountain Grown Hemp LLC,"
SCLT0179
",Adult-Use,,168,,VTCCB,Vermont Cannabis Control Board,VT,,,,,,,,,,,,,,Mountain Grown Hemp LLC,2023-04-25T08:24:42.203784,,,,,
Blue Anchor Enterprise,"
SCLT0197
",Adult-Use,,169,,VTCCB,Vermont Cannabis Control Board,VT,,,,,,,,,,,,,,Blue Anchor Enterprise,2023-04-25T08:24:42.203784,,,,,
Superkind Farms,"
SCLT0209
",Adult-Use,,170,,VTCCB,Vermont Cannabis Control Board,VT,,,,,,,,,,,,,,Superkind Farms,2023-04-25T08:24:42.203784,,,,,
"River Valley Group, Inc Product Brand: Paradise Farms","
SCLT0215
",Adult-Use,,171,,VTCCB,Vermont Cannabis Control Board,VT,,,,,,,,,,,,,,"River Valley Group, Inc Product Brand: Paradise Farms",2023-04-25T08:24:42.203784,,,,,
Hero Cannabis LLC,"
SCLT0221
",Adult-Use,,172,,VTCCB,Vermont Cannabis Control Board,VT,,,,,,,,,,,,,,Hero Cannabis LLC,2023-04-25T08:24:42.203784,,,,,
510 Roots,SCLT0222,Adult-Use,,173,,VTCCB,Vermont Cannabis Control Board,VT,,,,,,,,,,,,,,510 Roots,2023-04-25T08:24:42.203784,,,,,
Fine Bud Farms,SCLT0226,Adult-Use,,174,,VTCCB,Vermont Cannabis Control Board,VT,,,,,,,,,,,,,,Fine Bud Farms,2023-04-25T08:24:42.203784,,,,,
"
Midsomer Green LLC
",SCLT0238,Adult-Use,,175,,VTCCB,Vermont Cannabis Control Board,VT,,,,,,,,,,,,,,"
Midsomer Green LLC
",2023-04-25T08:24:42.203784,,,,,
"
Central Piedmont Cannabis Co. Ltd.
",SCLT0228,Adult-Use,,176,,VTCCB,Vermont Cannabis Control Board,VT,,,,,,,,,,,,,,"
Central Piedmont Cannabis Co. Ltd.
",2023-04-25T08:24:42.203784,,,,,
"
Green Mountain Sativa, LLC
",SCLT0234,Adult-Use,,177,,VTCCB,Vermont Cannabis Control Board,VT,,,,,,,,,,,,,,"
Green Mountain Sativa, LLC
",2023-04-25T08:24:42.203784,,,,,
"
Norsemen CBD LLC
",SCLT0232,Adult-Use,,178,,VTCCB,Vermont Cannabis Control Board,VT,,,,,,,,,,,,,,"
Norsemen CBD LLC
",2023-04-25T08:24:42.203784,,,,,
,,Adult-Use,,179,,VTCCB,Vermont Cannabis Control Board,VT,,,,,,,,,,,,,,,2023-04-25T08:24:42.203784,,,,,
"
Fern's Farm
","
CLTV0052
",Adult-Use,,180,,VTCCB,Vermont Cannabis Control Board,VT,,,,,,,,,,,,,,"
Fern's Farm
",2023-04-25T08:24:42.203784,,,,,
"
Sweet Lou's Farm LLC
","
CLTV0054
",Adult-Use,,181,,VTCCB,Vermont Cannabis Control Board,VT,,,,,,,,,,,,,,"
Sweet Lou's Farm LLC
",2023-04-25T08:24:42.203784,,,,,
"
The Cannabis Collective, LLC; The Cannabis Collective
","
CLTV0056
",Adult-Use,,182,,VTCCB,Vermont Cannabis Control Board,VT,,,,,,,,,,,,,,"
The Cannabis Collective, LLC; The Cannabis Collective
",2023-04-25T08:24:42.203784,,,,,
"
Old Growth Organics LLC
","
CLTV0058
",Adult-Use,,183,,VTCCB,Vermont Cannabis Control Board,VT,,,,,,,,,,,,,,"
Old Growth Organics LLC
",2023-04-25T08:24:42.203784,,,,,
"
Frank Farm LLC
","
CLTV0060
",Adult-Use,,184,,VTCCB,Vermont Cannabis Control Board,VT,,,,,,,,,,,,,,"
Frank Farm LLC
",2023-04-25T08:24:42.203784,,,,,
"
Simpson Brook Farm LLC
","
CLTV0063
",Adult-Use,,185,,VTCCB,Vermont Cannabis Control Board,VT,,,,,,,,,,,,,,"
Simpson Brook Farm LLC
",2023-04-25T08:24:42.203784,,,,,
"
Old School Weed Company
","
CLTV0074
",Adult-Use,,186,,VTCCB,Vermont Cannabis Control Board,VT,,,,,,,,,,,,,,"
Old School Weed Company
",2023-04-25T08:24:42.203784,,,,,
"
Wiseacre LLC
","
CLTV0075
",Adult-Use,,187,,VTCCB,Vermont Cannabis Control Board,VT,,,,,,,,,,,,,,"
Wiseacre LLC
",2023-04-25T08:24:42.203784,,,,,
"
First Light Flowers
","
CLTV0078
",Adult-Use,,188,,VTCCB,Vermont Cannabis Control Board,VT,,,,,,,,,,,,,,"
First Light Flowers
",2023-04-25T08:24:42.203784,,,,,
"
Arden’s Gardens
","
CLTV0084
",Adult-Use,,189,,VTCCB,Vermont Cannabis Control Board,VT,,,,,,,,,,,,,,"
Arden’s Gardens
",2023-04-25T08:24:42.203784,,,,,
"
Green Mountain Cannabis Cultivators LLC
","
CLTV0085
",Adult-Use,,190,,VTCCB,Vermont Cannabis Control Board,VT,,,,,,,,,,,,,,"
Green Mountain Cannabis Cultivators LLC
",2023-04-25T08:24:42.203784,,,,,
"
Green Mountain Synergy
","
CLTV0091
",Adult-Use,,191,,VTCCB,Vermont Cannabis Control Board,VT,,,,,,,,,,,,,,"
Green Mountain Synergy
",2023-04-25T08:24:42.203784,,,,,
"
Laughing Woods Farm
","
CLTV0096
",Adult-Use,,192,,VTCCB,Vermont Cannabis Control Board,VT,,,,,,,,,,,,,,"
Laughing Woods Farm
",2023-04-25T08:24:42.203784,,,,,
"
Birdseye Botanicals
","
CLTV0103
",Adult-Use,,193,,VTCCB,Vermont Cannabis Control Board,VT,,,,,,,,,,,,,,"
Birdseye Botanicals
",2023-04-25T08:24:42.203784,,,,,
"
Bordertown Apothecary
","
CLTV0097
",Adult-Use,,194,,VTCCB,Vermont Cannabis Control Board,VT,,,,,,,,,,,,,,"
Bordertown Apothecary
",2023-04-25T08:24:42.203784,,,,,
Vermontijuana,"
CLTV0106
",Adult-Use,,195,,VTCCB,Vermont Cannabis Control Board,VT,,,,,,,,,,,,,,Vermontijuana,2023-04-25T08:24:42.203784,,,,,
,,Adult-Use,,196,,VTCCB,Vermont Cannabis Control Board,VT,,,,,,,,,,,,,,,2023-04-25T08:24:42.203784,,,,,
Maple Buckets LLC,"
CLTV0059
",Adult-Use,,197,,VTCCB,Vermont Cannabis Control Board,VT,,,,,,,,,,,,,,Maple Buckets LLC,2023-04-25T08:24:42.203784,,,,,
Boreas Ventures LLC,"
CLTV0064
",Adult-Use,,198,,VTCCB,Vermont Cannabis Control Board,VT,,,,,,,,,,,,,,Boreas Ventures LLC,2023-04-25T08:24:42.203784,,,,,
"
Jeezum Crow Bud Company LLC
","
CLTV0070
",Adult-Use,,199,,VTCCB,Vermont Cannabis Control Board,VT,,,,,,,,,,,,,,"
Jeezum Crow Bud Company LLC
",2023-04-25T08:24:42.203784,,,,,
"
Quintessential Botanicals LLC
","
CLTV0098
",Adult-Use,,200,,VTCCB,Vermont Cannabis Control Board,VT,,,,,,,,,,,,,,"
Quintessential Botanicals LLC
",2023-04-25T08:24:42.203784,,,,,
"
Great Hill Growers LLC
",CLT0233,Adult-Use,,201,,VTCCB,Vermont Cannabis Control Board,VT,,,,,,,,,,,,,,"
Great Hill Growers LLC
",2023-04-25T08:24:42.203784,,,,,
,,Adult-Use,,202,,VTCCB,Vermont Cannabis Control Board,VT,,,,,,,,,,,,,,,2023-04-25T08:24:42.203784,,,,,
"
Uprising LLC
","
CLTV0053
",Adult-Use,,203,,VTCCB,Vermont Cannabis Control Board,VT,,,,,,,,,,,,,,"
Uprising LLC
",2023-04-25T08:24:42.203784,,,,,
"
Sunset Lake Cannabis, LLC
","
CLTV0069
",Adult-Use,,204,,VTCCB,Vermont Cannabis Control Board,VT,,,,,,,,,,,,,,"
Sunset Lake Cannabis, LLC
",2023-04-25T08:24:42.203784,,,,,
"
Lucky Leaf LLC
","
CLTV0071
",Adult-Use,,205,,VTCCB,Vermont Cannabis Control Board,VT,,,,,,,,,,,,,,"
Lucky Leaf LLC
",2023-04-25T08:24:42.203784,,,,,
"
Sweet Rhapsody LLC DBA Skunk Hollow Cannabis
","
CLTV0072
",Adult-Use,,206,,VTCCB,Vermont Cannabis Control Board,VT,,,,,,,,,,,,,,"
Sweet Rhapsody LLC DBA Skunk Hollow Cannabis
",2023-04-25T08:24:42.203784,,,,,
,,Adult-Use,,207,,VTCCB,Vermont Cannabis Control Board,VT,,,,,,,,,,,,,,,2023-04-25T08:24:42.203784,,,,,
"
Green Mountain Ganja Guys LLC
","
CLTV0032
",Adult-Use,,208,,VTCCB,Vermont Cannabis Control Board,VT,,,,,,,,,,,,,,"
Green Mountain Ganja Guys LLC
",2023-04-25T08:24:42.203784,,,,,
"
Flower First, LLC
","
CLTV0061
",Adult-Use,,209,,VTCCB,Vermont Cannabis Control Board,VT,,,,,,,,,,,,,,"
Flower First, LLC
",2023-04-25T08:24:42.203784,,,,,
Mend Botanical,"
CLTV0065
",Adult-Use,,210,,VTCCB,Vermont Cannabis Control Board,VT,,,,,,,,,,,,,,Mend Botanical,2023-04-25T08:24:42.203784,,,,,
Green Mountain Kana,"
SCLT0008
",Adult-Use,,211,,VTCCB,Vermont Cannabis Control Board,VT,,,,,,,,,,,,,,Green Mountain Kana,2023-04-25T08:24:42.203784,,,,,
Snowbird Botanicals LLC,"
SCLT0064
",Adult-Use,,212,,VTCCB,Vermont Cannabis Control Board,VT,,,,,,,,,,,,,,Snowbird Botanicals LLC,2023-04-25T08:24:42.203784,,,,,
"DP Holdings LLC, Garcia Grows","
SCLT0010
",Adult-Use,,213,,VTCCB,Vermont Cannabis Control Board,VT,,,,,,,,,,,,,,"DP Holdings LLC, Garcia Grows",2023-04-25T08:24:42.203784,,,,,
DBA Geebee's Organics,"
SCLT0019
",Adult-Use,,214,,VTCCB,Vermont Cannabis Control Board,VT,,,,,,,,,,,,,,DBA Geebee's Organics,2023-04-25T08:24:42.203784,,,,,
LB Farm LLC,"
SCLT0025
",Adult-Use,,215,,VTCCB,Vermont Cannabis Control Board,VT,,,,,,,,,,,,,,LB Farm LLC,2023-04-25T08:24:42.203784,,,,,
Happy Valley Products,"
SCLT0147
",Adult-Use,,216,,VTCCB,Vermont Cannabis Control Board,VT,,,,,,,,,,,,,,Happy Valley Products,2023-04-25T08:24:42.203784,,,,,
Fort Dowd Growers Collective LLC,"
SCLT0071
",Adult-Use,,217,,VTCCB,Vermont Cannabis Control Board,VT,,,,,,,,,,,,,,Fort Dowd Growers Collective LLC,2023-04-25T08:24:42.203784,,,,,
Backcountry Botanicals LLC,"
SCLT0061
",Adult-Use,,218,,VTCCB,Vermont Cannabis Control Board,VT,,,,,,,,,,,,,,Backcountry Botanicals LLC,2023-04-25T08:24:42.203784,,,,,
Dirt Rich Farms LLC,"
SCLT0093
",Adult-Use,,219,,VTCCB,Vermont Cannabis Control Board,VT,,,,,,,,,,,,,,Dirt Rich Farms LLC,2023-04-25T08:24:42.203784,,,,,
1958 LLC,"
SCLT0054
",Adult-Use,,220,,VTCCB,Vermont Cannabis Control Board,VT,,,,,,,,,,,,,,1958 LLC,2023-04-25T08:24:42.203784,,,,,
Midnight Farm,"
SCLT0112
",Adult-Use,,221,,VTCCB,Vermont Cannabis Control Board,VT,,,,,,,,,,,,,,Midnight Farm,2023-04-25T08:24:42.203784,,,,,
Tree Amigos,"
SCLT0205
",Adult-Use,,222,,VTCCB,Vermont Cannabis Control Board,VT,,,,,,,,,,,,,,Tree Amigos,2023-04-25T08:24:42.203784,,,,,
Maple Maestro LLC,"
SCLT0063
",Adult-Use,,223,,VTCCB,Vermont Cannabis Control Board,VT,,,,,,,,,,,,,,Maple Maestro LLC,2023-04-25T08:24:42.203784,,,,,
802 Glue LLC,"
SCLT0097
",Adult-Use,,224,,VTCCB,Vermont Cannabis Control Board,VT,,,,,,,,,,,,,,802 Glue LLC,2023-04-25T08:24:42.203784,,,,,
Sky High Cannabis,"
SCLT0128
",Adult-Use,,225,,VTCCB,Vermont Cannabis Control Board,VT,,,,,,,,,,,,,,Sky High Cannabis,2023-04-25T08:24:42.203784,,,,,
Island Pond Cannabis Company,"
SCLT0077
",Adult-Use,,226,,VTCCB,Vermont Cannabis Control Board,VT,,,,,,,,,,,,,,Island Pond Cannabis Company,2023-04-25T08:24:42.203784,,,,,
Flavorline Cannabis Company LLC,"
SCLT0096
",Adult-Use,,227,,VTCCB,Vermont Cannabis Control Board,VT,,,,,,,,,,,,,,Flavorline Cannabis Company LLC,2023-04-25T08:24:42.203784,,,,,
"7 B's Farm, LLC","
SCLT0088
",Adult-Use,,228,,VTCCB,Vermont Cannabis Control Board,VT,,,,,,,,,,,,,,"7 B's Farm, LLC",2023-04-25T08:24:42.203784,,,,,
ZsGreenZ,"
SCLT0107
",Adult-Use,,229,,VTCCB,Vermont Cannabis Control Board,VT,,,,,,,,,,,,,,ZsGreenZ,2023-04-25T08:24:42.203784,,,,,
Hidden Valley Farm,"
SCLT0089
",Adult-Use,,230,,VTCCB,Vermont Cannabis Control Board,VT,,,,,,,,,,,,,,Hidden Valley Farm,2023-04-25T08:24:42.203784,,,,,
"Dalen, LTD","
SCLT0105
",Adult-Use,,231,,VTCCB,Vermont Cannabis Control Board,VT,,,,,,,,,,,,,,"Dalen, LTD",2023-04-25T08:24:42.203784,,,,,
Overton View Farm LLC,"
SCLT0173
",Adult-Use,,232,,VTCCB,Vermont Cannabis Control Board,VT,,,,,,,,,,,,,,Overton View Farm LLC,2023-04-25T08:24:42.203784,,,,,
"LagaMont Breeds, LLC","
SCLT0072
",Adult-Use,,233,,VTCCB,Vermont Cannabis Control Board,VT,,,,,,,,,,,,,,"LagaMont Breeds, LLC",2023-04-25T08:24:42.203784,,,,,
"Orleans Cannabis, LLC","
SCLT0078
",Adult-Use,,234,,VTCCB,Vermont Cannabis Control Board,VT,,,,,,,,,,,,,,"Orleans Cannabis, LLC",2023-04-25T08:24:42.203784,,,,,
Honey Tree Farm LLC,"
SCLT0126
",Adult-Use,,235,,VTCCB,Vermont Cannabis Control Board,VT,,,,,,,,,,,,,,Honey Tree Farm LLC,2023-04-25T08:24:42.203784,,,,,
Way High Up There,"
SCLT0116
",Adult-Use,,236,,VTCCB,Vermont Cannabis Control Board,VT,,,,,,,,,,,,,,Way High Up There,2023-04-25T08:24:42.203784,,,,,
The Mad Botanist,"
SCLT0098
",Adult-Use,,237,,VTCCB,Vermont Cannabis Control Board,VT,,,,,,,,,,,,,,The Mad Botanist,2023-04-25T08:24:42.203784,,,,,
Cavelion LLC,"
SCLT0073
",Adult-Use,,238,,VTCCB,Vermont Cannabis Control Board,VT,,,,,,,,,,,,,,Cavelion LLC,2023-04-25T08:24:42.203784,,,,,
Green State of Mind,"
SCLT0085
",Adult-Use,,239,,VTCCB,Vermont Cannabis Control Board,VT,,,,,,,,,,,,,,Green State of Mind,2023-04-25T08:24:42.203784,,,,,
Island Craft Cannabis,"
SCLT0180
",Adult-Use,,240,,VTCCB,Vermont Cannabis Control Board,VT,,,,,,,,,,,,,,Island Craft Cannabis,2023-04-25T08:24:42.203784,,,,,
Mythic Gardens,"
SCLT0087
",Adult-Use,,241,,VTCCB,Vermont Cannabis Control Board,VT,,,,,,,,,,,,,,Mythic Gardens,2023-04-25T08:24:42.203784,,,,,
Giving Tree Farm,"
SCLT0111
",Adult-Use,,242,,VTCCB,Vermont Cannabis Control Board,VT,,,,,,,,,,,,,,Giving Tree Farm,2023-04-25T08:24:42.203784,,,,,
"Vermont Kind Cultivation, LLC","
SCLT0186
",Adult-Use,,243,,VTCCB,Vermont Cannabis Control Board,VT,,,,,,,,,,,,,,"Vermont Kind Cultivation, LLC",2023-04-25T08:24:42.203784,,,,,
Central Vermont Cannabis Ltc Co,"
SCLT0138
",Adult-Use,,244,,VTCCB,Vermont Cannabis Control Board,VT,,,,,,,,,,,,,,Central Vermont Cannabis Ltc Co,2023-04-25T08:24:42.203784,,,,,
Green Mountain Gardens,"
SCLT0110
",Adult-Use,,245,,VTCCB,Vermont Cannabis Control Board,VT,,,,,,,,,,,,,,Green Mountain Gardens,2023-04-25T08:24:42.203784,,,,,
Smugglers Notch Cannabis Company,"
SCLT0155
",Adult-Use,,246,,VTCCB,Vermont Cannabis Control Board,VT,,,,,,,,,,,,,,Smugglers Notch Cannabis Company,2023-04-25T08:24:42.203784,,,,,
Cannabis Dream Nursery LLC,"
SCLT0183
",Adult-Use,,247,,VTCCB,Vermont Cannabis Control Board,VT,,,,,,,,,,,,,,Cannabis Dream Nursery LLC,2023-04-25T08:24:42.203784,,,,,
Northeast Kingdom Cannabis,"
SCLT0188
",Adult-Use,,248,,VTCCB,Vermont Cannabis Control Board,VT,,,,,,,,,,,,,,Northeast Kingdom Cannabis,2023-04-25T08:24:42.203784,,,,,
"Smoke Ranch LLC, dba Smoch Ranch dba Smoke Ranch Redemption","
SCLT0131
",Adult-Use,,249,,VTCCB,Vermont Cannabis Control Board,VT,,,,,,,,,,,,,,"Smoke Ranch LLC, dba Smoch Ranch dba Smoke Ranch Redemption",2023-04-25T08:24:42.203784,,,,,
Boon Botanicals,"
SCLT0192
",Adult-Use,,250,,VTCCB,Vermont Cannabis Control Board,VT,,,,,,,,,,,,,,Boon Botanicals,2023-04-25T08:24:42.203784,,,,,
Little Garden LLC; Little Garden,"
SCLT0175
",Adult-Use,,251,,VTCCB,Vermont Cannabis Control Board,VT,,,,,,,,,,,,,,Little Garden LLC; Little Garden,2023-04-25T08:24:42.203784,,,,,
Legacy Vermont Cannabis,"
SCLT0141
",Adult-Use,,252,,VTCCB,Vermont Cannabis Control Board,VT,,,,,,,,,,,,,,Legacy Vermont Cannabis,2023-04-25T08:24:42.203784,,,,,
Green Heron Farm,"
SCLT0181
",Adult-Use,,253,,VTCCB,Vermont Cannabis Control Board,VT,,,,,,,,,,,,,,Green Heron Farm,2023-04-25T08:24:42.203784,,,,,
Tree Frog Farms LLC; Tree Frog Farms,"
SCLT0106
",Adult-Use,,254,,VTCCB,Vermont Cannabis Control Board,VT,,,,,,,,,,,,,,Tree Frog Farms LLC; Tree Frog Farms,2023-04-25T08:24:42.203784,,,,,
Vermont Vital Cultivars,"
SCLT0102
",Adult-Use,,255,,VTCCB,Vermont Cannabis Control Board,VT,,,,,,,,,,,,,,Vermont Vital Cultivars,2023-04-25T08:24:42.203784,,,,,
Ammanana Growers LLC; Ammanana Growers,"
SCLT0172
",Adult-Use,,256,,VTCCB,Vermont Cannabis Control Board,VT,,,,,,,,,,,,,,Ammanana Growers LLC; Ammanana Growers,2023-04-25T08:24:42.203784,,,,,
Bubbling Brook Botanicals LLC; Bubbling Brook VT,"
SCLT0202
",Adult-Use,,257,,VTCCB,Vermont Cannabis Control Board,VT,,,,,,,,,,,,,,Bubbling Brook Botanicals LLC; Bubbling Brook VT,2023-04-25T08:24:42.203784,,,,,
"JPEAMES, LLC; DBA SUN DAY FARMS","
SCLT0127
",Adult-Use,,258,,VTCCB,Vermont Cannabis Control Board,VT,,,,,,,,,,,,,,"JPEAMES, LLC; DBA SUN DAY FARMS",2023-04-25T08:24:42.203784,,,,,
Trichome Ranch LLC,"
SCLT0184
",Adult-Use,,259,,VTCCB,Vermont Cannabis Control Board,VT,,,,,,,,,,,,,,Trichome Ranch LLC,2023-04-25T08:24:42.203784,,,,,
Green Valley Cannabis LLC,"
SCLT0156
",Adult-Use,,260,,VTCCB,Vermont Cannabis Control Board,VT,,,,,,,,,,,,,,Green Valley Cannabis LLC,2023-04-25T08:24:42.203784,,,,,
"GMT Genetix LLC, DBA Fierce Cultivation","
SCLT0163
",Adult-Use,,261,,VTCCB,Vermont Cannabis Control Board,VT,,,,,,,,,,,,,,"GMT Genetix LLC, DBA Fierce Cultivation",2023-04-25T08:24:42.203784,,,,,
Lamoille Valley Extraction Solutions LLC DBA Zen Valley Cannabis,"
SCLT0176
",Adult-Use,,262,,VTCCB,Vermont Cannabis Control Board,VT,,,,,,,,,,,,,,Lamoille Valley Extraction Solutions LLC DBA Zen Valley Cannabis,2023-04-25T08:24:42.203784,,,,,
Mad Hatter Cannabis and Hemp LLC,"
SCLT0170
",Adult-Use,,263,,VTCCB,Vermont Cannabis Control Board,VT,,,,,,,,,,,,,,Mad Hatter Cannabis and Hemp LLC,2023-04-25T08:24:42.203784,,,,,
Sugarleaf LLC,"
SCLT0124
",Adult-Use,,264,,VTCCB,Vermont Cannabis Control Board,VT,,,,,,,,,,,,,,Sugarleaf LLC,2023-04-25T08:24:42.203784,,,,,
DRADIS,"
SCLT0204
",Adult-Use,,265,,VTCCB,Vermont Cannabis Control Board,VT,,,,,,,,,,,,,,DRADIS,2023-04-25T08:24:42.203784,,,,,
Vermont Medicine Man Botanicals,"
SCLT0195
",Adult-Use,,266,,VTCCB,Vermont Cannabis Control Board,VT,,,,,,,,,,,,,,Vermont Medicine Man Botanicals,2023-04-25T08:24:42.203784,,,,,
T.K. House of Green,"
SCLT0196
",Adult-Use,,267,,VTCCB,Vermont Cannabis Control Board,VT,,,,,,,,,,,,,,T.K. House of Green,2023-04-25T08:24:42.203784,,,,,
Fat Cat Farm LLC,"
SCLT0198
",Adult-Use,,268,,VTCCB,Vermont Cannabis Control Board,VT,,,,,,,,,,,,,,Fat Cat Farm LLC,2023-04-25T08:24:42.203784,,,,,
Canna Cultivators Collective,"
SCLT0220
",Adult-Use,,269,,VTCCB,Vermont Cannabis Control Board,VT,,,,,,,,,,,,,,Canna Cultivators Collective,2023-04-25T08:24:42.203784,,,,,
Alive Cannabis Company LLC,"
SCLT0212
",Adult-Use,,270,,VTCCB,Vermont Cannabis Control Board,VT,,,,,,,,,,,,,,Alive Cannabis Company LLC,2023-04-25T08:24:42.203784,,,,,
EDWARD-HASH-HANDS LLC,"
SCLT0223
",Adult-Use,,271,,VTCCB,Vermont Cannabis Control Board,VT,,,,,,,,,,,,,,EDWARD-HASH-HANDS LLC,2023-04-25T08:24:42.203784,,,,,
"
Vermont Cultivars, LLC
",SCLT0227,Adult-Use,,272,,VTCCB,Vermont Cannabis Control Board,VT,,,,,,,,,,,,,,"
Vermont Cultivars, LLC
",2023-04-25T08:24:42.203784,,,,,
"
The Empress 802 LLC DBA Green Goddess Goodies
",SCLT0230,Adult-Use,,273,,VTCCB,Vermont Cannabis Control Board,VT,,,,,,,,,,,,,,"
The Empress 802 LLC DBA Green Goddess Goodies
",2023-04-25T08:24:42.203784,,,,,
Kind Green Insight LLC / Swift Hawk Canna,"
SCLT0229
",Adult-Use,,274,,VTCCB,Vermont Cannabis Control Board,VT,,,,,,,,,,,,,,Kind Green Insight LLC / Swift Hawk Canna,2023-04-25T08:24:42.203784,,,,,
,,Adult-Use,,275,,VTCCB,Vermont Cannabis Control Board,VT,,,,,,,,,,,,,,,2023-04-25T08:24:42.203784,,,,,
"
Holland Cannabis LLC
","
CLTV0057
",Adult-Use,,276,,VTCCB,Vermont Cannabis Control Board,VT,,,,,,,,,,,,,,"
Holland Cannabis LLC
",2023-04-25T08:24:42.203784,,,,,
"
Faustini Farms
","
CLTV0079
",Adult-Use,,277,,VTCCB,Vermont Cannabis Control Board,VT,,,,,,,,,,,,,,"
Faustini Farms
",2023-04-25T08:24:42.203784,,,,,
"
Stone Leaf Grow LLC
","
CLTV0062
",Adult-Use,,278,,VTCCB,Vermont Cannabis Control Board,VT,,,,,,,,,,,,,,"
Stone Leaf Grow LLC
",2023-04-25T08:24:42.203784,,,,,
"
Mount Gay Farms LLC
","
CLTV0082
",Adult-Use,,279,,VTCCB,Vermont Cannabis Control Board,VT,,,,,,,,,,,,,,"
Mount Gay Farms LLC
",2023-04-25T08:24:42.203784,,,,,
"
Horticultural Professionals
","
CLTV0100
",Adult-Use,,280,,VTCCB,Vermont Cannabis Control Board,VT,,,,,,,,,,,,,,"
Horticultural Professionals
",2023-04-25T08:24:42.203784,,,,,
"
First Branch Cannabis
","
CLTV0094
",Adult-Use,,281,,VTCCB,Vermont Cannabis Control Board,VT,,,,,,,,,,,,,,"
First Branch Cannabis
",2023-04-25T08:24:42.203784,,,,,
"
YBNRML LLC
","
CLTV0080
",Adult-Use,,282,,VTCCB,Vermont Cannabis Control Board,VT,,,,,,,,,,,,,,"
YBNRML LLC
",2023-04-25T08:24:42.203784,,,,,
"
Vermont Select, LLC
","
CLTV0081
",Adult-Use,,283,,VTCCB,Vermont Cannabis Control Board,VT,,,,,,,,,,,,,,"
Vermont Select, LLC
",2023-04-25T08:24:42.203784,,,,,
"
Clovis LLC
","
CLTV0099
",Adult-Use,,284,,VTCCB,Vermont Cannabis Control Board,VT,,,,,,,,,,,,,,"
Clovis LLC
",2023-04-25T08:24:42.203784,,,,,
"
Four Clover Corp
","
CLTV0092
",Adult-Use,,285,,VTCCB,Vermont Cannabis Control Board,VT,,,,,,,,,,,,,,"
Four Clover Corp
",2023-04-25T08:24:42.203784,,,,,
"
Burrington Hill Co., LLC
",CLTV0107,Adult-Use,,286,,VTCCB,Vermont Cannabis Control Board,VT,,,,,,,,,,,,,,"
Burrington Hill Co., LLC
",2023-04-25T08:24:42.203784,,,,,
,,Adult-Use,,287,,VTCCB,Vermont Cannabis Control Board,VT,,,,,,,,,,,,,,,2023-04-25T08:24:42.203784,,,,,
"
Family Tree, LLC; Family Tree Hemp Company
","
CLTV0014
",Adult-Use,,288,,VTCCB,Vermont Cannabis Control Board,VT,,,,,,,,,,,,,,"
Family Tree, LLC; Family Tree Hemp Company
",2023-04-25T08:24:42.203784,,,,,
"
Farmers Underground
","
CLTV0076
",Adult-Use,,289,,VTCCB,Vermont Cannabis Control Board,VT,,,,,,,,,,,,,,"
Farmers Underground
",2023-04-25T08:24:42.203784,,,,,
"
Wolf Creek Farm LLC
","
CLTV0088
",Adult-Use,,290,,VTCCB,Vermont Cannabis Control Board,VT,,,,,,,,,,,,,,"
Wolf Creek Farm LLC
",2023-04-25T08:24:42.203784,,,,,
"
Trombly House of Cannabis LLC
",CLTV0108,Adult-Use,,291,,VTCCB,Vermont Cannabis Control Board,VT,,,,,,,,,,,,,,"
Trombly House of Cannabis LLC
",2023-04-25T08:24:42.203784,,,,,
,,Adult-Use,,292,,VTCCB,Vermont Cannabis Control Board,VT,,,,,,,,,,,,,,,2023-04-25T08:24:42.203784,,,,,
"
Full Circle Farm, LLC
","
CLTV0051
",Adult-Use,,293,,VTCCB,Vermont Cannabis Control Board,VT,,,,,,,,,,,,,,"
Full Circle Farm, LLC
",2023-04-25T08:24:42.203784,,,,,
,,Adult-Use,,294,,VTCCB,Vermont Cannabis Control Board,VT,,,,,,,,,,,,,,,2023-04-25T08:24:42.203784,,,,,
"
Rebel East VT LLC
","
CLTV0049
",Adult-Use,,295,,VTCCB,Vermont Cannabis Control Board,VT,,,,,,,,,,,,,,"
Rebel East VT LLC
",2023-04-25T08:24:42.203784,,,,,
Bia Diagnostics,"
TLAB0029
",Adult-Use,Colchester,296,,VTCCB,Vermont Cannabis Control Board,VT,,,,,,,,,,,,,,Bia Diagnostics,2023-04-25T08:24:42.203784,44.5075536,-73.176019,Chittenden County,480 Hercules Dr #101,05446
"Endyne, Inc","
TLAB0028
",Adult-Use,Williston,297,,VTCCB,Vermont Cannabis Control Board,VT,,,,,,,,,,,,,,"Endyne, Inc",2023-04-25T08:24:42.203784,44.4757525,-73.1166265,Chittenden County,160 James Brown Dr # F,05495
Steep Hill Vermont Labs,"
TLAB0030
",Adult-Use,Colchester,298,,VTCCB,Vermont Cannabis Control Board,VT,,,,,,,,,,,,,,Steep Hill Vermont Labs,2023-04-25T08:24:42.203784,44.5086939,-73.1863391,Chittenden County,261 Mountain View Dr,05446
"Champlain Valley Dispensary, Inc, CeresMED, Ceres",Integrated,Adult-Use,,299,,VTCCB,Vermont Cannabis Control Board,VT,,,,,,,,,,,,,,"Champlain Valley Dispensary, Inc, CeresMED, Ceres",2023-04-25T08:24:42.203784,,,,,
Vermont Patients Alliance,Integrated,Adult-Use,,300,,VTCCB,Vermont Cannabis Control Board,VT,,,,,,,,,,,,,,Vermont Patients Alliance,2023-04-25T08:24:42.203784,,,,,
Mountain Girl Cannabis,"
RTLR0001
",Adult-Use,"Rutland, UK",301,,VTCCB,Vermont Cannabis Control Board,VT,,,,,,,,,,,,,,Mountain Girl Cannabis,2023-04-25T08:24:42.203784,52.6583014,-0.639643,Rutland,"Rutland, UK","Rutland, UK"
FLŌRA Cannabis,"
RTLR0002
",Adult-Use,VT 05753,302,,VTCCB,Vermont Cannabis Control Board,VT,,,,,,,,,,,,,,FLŌRA Cannabis,2023-04-25T08:24:42.203784,44.0153371,-73.16734,Addison County,Middlebury,USA
Vermont Bud Barn,"
RTLR0003
",Adult-Use,VT 05301,303,,VTCCB,Vermont Cannabis Control Board,VT,,,,,,,,,,,,,,Vermont Bud Barn,2023-04-25T08:24:42.203784,42.8509152,-72.5578678,Windham County,Brattleboro,USA
"
Apex Arboretum Inc. dba Green State Dispensary
","
RTLR0004
",Adult-Use,,304,,VTCCB,Vermont Cannabis Control Board,VT,,,,,,,,,,,,,,"
Apex Arboretum Inc. dba Green State Dispensary
",2023-04-25T08:24:42.203784,,,,,
Gram Central LLC,"
RTLR0007
",Adult-Use,"Montpellier, France",305,,VTCCB,Vermont Cannabis Control Board,VT,,,,,,,,,,,,,,Gram Central LLC,2023-04-25T08:24:42.203784,43.610769,3.876716,Hérault,"Montpellier, France","Montpellier, France"
9th State Cannabis,"
RTLR0006
",Adult-Use,VT,306,,VTCCB,Vermont Cannabis Control Board,VT,,,,,,,,,,,,,,9th State Cannabis,2023-04-25T08:24:42.203784,44.2056098,-73.2462341,Addison County,Ferrisburgh,USA
Lamoille County Cannabis,"
RTLR0005
",Adult-Use,"Morrisville, NY 13408, USA",307,,VTCCB,Vermont Cannabis Control Board,VT,,,,,,,,,,,,,,Lamoille County Cannabis,2023-04-25T08:24:42.203784,42.8986791,-75.6401825,Madison County,"Morrisville, NY 13408, USA","Morrisville, NY 13408, USA"
The Green Man,"
RTLR0008
",Adult-Use,VT,308,,VTCCB,Vermont Cannabis Control Board,VT,,,,,,,,,,,,,,The Green Man,2023-04-25T08:24:42.203784,44.4192627,-72.0151183,Caledonia County,St Johnsbury,USA
Juniper Lane LLC DBA Juniper Lane,"
RTLR0012
",Adult-Use,VT 05201,309,,VTCCB,Vermont Cannabis Control Board,VT,,,,,,,,,,,,,,Juniper Lane LLC DBA Juniper Lane,2023-04-25T08:24:42.203784,42.8781345,-73.1967741,Bennington County,Bennington,USA
Native East LLC DBA Winooski Organics,"
RTLR0009
",Adult-Use,VT,310,,VTCCB,Vermont Cannabis Control Board,VT,,,,,,,,,,,,,,Native East LLC DBA Winooski Organics,2023-04-25T08:24:42.203784,44.491438,-73.1856832,Chittenden County,Winooski,USA
Capital Cannabis Company Inc,"
RTLR0010
",Adult-Use,"Montpellier, France",311,,VTCCB,Vermont Cannabis Control Board,VT,,,,,,,,,,,,,,Capital Cannabis Company Inc,2023-04-25T08:24:42.203784,43.610769,3.876716,Hérault,"Montpellier, France","Montpellier, France"
Kingdom Kind,"
RTLR0011
",Adult-Use,"Barton County, KS, USA",312,,VTCCB,Vermont Cannabis Control Board,VT,,,,,,,,,,,,,,Kingdom Kind,2023-04-25T08:24:42.203784,38.5000699,-98.6600586,Barton County,"Barton County, KS, USA","Barton County, KS, USA"
Grass Queen Inc,"
RTLR0019
",Adult-Use,,313,,VTCCB,Vermont Cannabis Control Board,VT,,,,,,,,,,,,,,Grass Queen Inc,2023-04-25T08:24:42.203784,,,,,
ZenBarn Ventures Inc,"
RTLR0014
",Adult-Use,VT,314,,VTCCB,Vermont Cannabis Control Board,VT,,,,,,,,,,,,,,ZenBarn Ventures Inc,2023-04-25T08:24:42.203784,44.376896,-72.7189485,Washington County,Waterbury Center,USA
The High Country,"
RTLR0015
",Adult-Use,,315,,VTCCB,Vermont Cannabis Control Board,VT,,,,,,,,,,,,,,The High Country,2023-04-25T08:24:42.203784,,,,,
Magic Mann,"
RTLR0013
",Adult-Use,"Essex, UK",316,,VTCCB,Vermont Cannabis Control Board,VT,,,,,,,,,,,,,,Magic Mann,2023-04-25T08:24:42.203784,51.57424469999999,0.4856781,Essex,"Essex, UK","Essex, UK"
Higher Elevation,"
RTLR0016
",Adult-Use,"Morrisville, NY 13408, USA",317,,VTCCB,Vermont Cannabis Control Board,VT,,,,,,,,,,,,,,Higher Elevation,2023-04-25T08:24:42.203784,42.8986791,-75.6401825,Madison County,"Morrisville, NY 13408, USA","Morrisville, NY 13408, USA"
Forbins Reserve Inc,"
RTLR0020
",Adult-Use,,318,,VTCCB,Vermont Cannabis Control Board,VT,,,,,,,,,,,,,,Forbins Reserve Inc,2023-04-25T08:24:42.203784,,,,,
Somewhere On The Mountain,"
RTLR0022
",Adult-Use,"Rutland, UK",319,,VTCCB,Vermont Cannabis Control Board,VT,,,,,,,,,,,,,,Somewhere On The Mountain,2023-04-25T08:24:42.203784,52.6583014,-0.639643,Rutland,"Rutland, UK","Rutland, UK"
"Clover VT LLC, DBA Sunday Drive","
RTLR0018
",Adult-Use,,320,,VTCCB,Vermont Cannabis Control Board,VT,,,,,,,,,,,,,,"Clover VT LLC, DBA Sunday Drive",2023-04-25T08:24:42.203784,,,,,
"Vermont Hemp Craft LLC, DBA Green Leaf Central","
RTLR0017
",Adult-Use,,321,,VTCCB,Vermont Cannabis Control Board,VT,,,,,,,,,,,,,,"Vermont Hemp Craft LLC, DBA Green Leaf Central",2023-04-25T08:24:42.203784,,,,,
EmeraldRose Retail LLC,"
RTLR0021
",Adult-Use,"Bristol, UK",322,,VTCCB,Vermont Cannabis Control Board,VT,,,,,,,,,,,,,,EmeraldRose Retail LLC,2023-04-25T08:24:42.203784,51.454513,-2.58791,Bristol City,"Bristol, UK","Bristol, UK"
"Epona Farms LLC, DBA Epona Farms Store","
RTLR0025
",Adult-Use,"Brandon, MB, Canada",323,,VTCCB,Vermont Cannabis Control Board,VT,,,,,,,,,,,,,,"Epona Farms LLC, DBA Epona Farms Store",2023-04-25T08:24:42.203784,49.8437486,-99.95148069999999,,"Brandon, MB, Canada","Brandon, MB, Canada"
Northeast Kannabis,"
RTLR0023
",Adult-Use,VT,324,,VTCCB,Vermont Cannabis Control Board,VT,,,,,,,,,,,,,,Northeast Kannabis,2023-04-25T08:24:42.203784,44.4192627,-72.0151183,Caledonia County,St Johnsbury,USA
"Ratu's Cannabis Supply, LLC","
RTLR0024
",Adult-Use,"Wilmington, NC, USA",325,,VTCCB,Vermont Cannabis Control Board,VT,,,,,,,,,,,,,,"Ratu's Cannabis Supply, LLC",2023-04-25T08:24:42.203784,34.2103894,-77.8868117,New Hanover County,"Wilmington, NC, USA","Wilmington, NC, USA"
Pine Grove Organics LLC,"
RTLR0027
",Adult-Use,"Brandon, MB, Canada",326,,VTCCB,Vermont Cannabis Control Board,VT,,,,,,,,,,,,,,Pine Grove Organics LLC,2023-04-25T08:24:42.203784,49.8437486,-99.95148069999999,,"Brandon, MB, Canada","Brandon, MB, Canada"
"TTG LLC, DBA The Trap House","
RTLR0029
",Adult-Use,"Fair Haven, NJ, USA",327,,VTCCB,Vermont Cannabis Control Board,VT,,,,,,,,,,,,,,"TTG LLC, DBA The Trap House",2023-04-25T08:24:42.203784,40.3606653,-74.03819469999999,Monmouth County,"Fair Haven, NJ, USA","Fair Haven, NJ, USA"
Valley Meade Dispensary,"
RTLR0026
",Adult-Use,VT,328,,VTCCB,Vermont Cannabis Control Board,VT,,,,,,,,,,,,,,Valley Meade Dispensary,2023-04-25T08:24:42.203784,44.1926386,-72.7798479,Washington County,Waitsfield,USA
The Tea House,"
RTLR0033
",Adult-Use,Hartford,329,,VTCCB,Vermont Cannabis Control Board,VT,,,,,,,,,,,,,,The Tea House,2023-04-25T08:24:42.203784,43.6489596,-72.3192579,Windsor County,White River Junction,VT
Cambridge Cannabis Company,"
RTLR0028
",Adult-Use,"Cambridge, UK",330,,VTCCB,Vermont Cannabis Control Board,VT,,,,,,,,,,,,,,Cambridge Cannabis Company,2023-04-25T08:24:42.203784,52.1950788,0.1312729,Cambridgeshire,"Cambridge, UK","Cambridge, UK"
"Cannabis Caboose, DBA De Pot Shop","
RTLR0030
",Adult-Use,,331,,VTCCB,Vermont Cannabis Control Board,VT,,,,,,,,,,,,,,"Cannabis Caboose, DBA De Pot Shop",2023-04-25T08:24:42.203784,,,,,
VherBio LLC,"
RTLR0036
",Adult-Use,"Randolph, NJ, USA",332,,VTCCB,Vermont Cannabis Control Board,VT,,,,,,,,,,,,,,VherBio LLC,2023-04-25T08:24:42.203784,40.8478065,-74.5747248,Morris County,"Randolph, NJ, USA","Randolph, NJ, USA"
"Dalen LTD, DBA Blue Sage","
RTLR0032
",Adult-Use,VT,333,,VTCCB,Vermont Cannabis Control Board,VT,,,,,,,,,,,,,,"Dalen LTD, DBA Blue Sage",2023-04-25T08:24:42.203784,44.1926386,-72.7798479,Washington County,Waitsfield,USA
Stone Leaf Cannabis LLC,"
RTLR0031
",Adult-Use,,334,,VTCCB,Vermont Cannabis Control Board,VT,,,,,,,,,,,,,,Stone Leaf Cannabis LLC,2023-04-25T08:24:42.203784,,,,,
Theory Wellness of VT Retail LLC,"
RTLR0034
",Adult-Use,VT 05301,335,,VTCCB,Vermont Cannabis Control Board,VT,,,,,,,,,,,,,,Theory Wellness of VT Retail LLC,2023-04-25T08:24:42.203784,42.8509152,-72.5578678,Windham County,Brattleboro,USA
Mary Jane Mountain,"
RTLR0037
",Adult-Use,Montgomery,336,,VTCCB,Vermont Cannabis Control Board,VT,,,,,,,,,,,,,,Mary Jane Mountain,2023-04-25T08:24:42.203784,44.8785957,-72.6083426,Franklin County,Montgomery Center,VT
Green Union LLC,"
RTLR0035
",Adult-Use,"Plymouth, MA, USA",337,,VTCCB,Vermont Cannabis Control Board,VT,,,,,,,,,,,,,,Green Union LLC,2023-04-25T08:24:42.203784,41.9584457,-70.6672621,Plymouth County,"Plymouth, MA, USA","Plymouth, MA, USA"
"Cann Maxx, Cannabis Maximus","
RTLR0040
",Adult-Use,VT 05301,338,,VTCCB,Vermont Cannabis Control Board,VT,,,,,,,,,,,,,,"Cann Maxx, Cannabis Maximus",2023-04-25T08:24:42.203784,42.8509152,-72.5578678,Windham County,Brattleboro,USA
Big Intelligence Group LLC DBA Wild Legacy Cannabis,"
RTLR0038
",Adult-Use,"Morrisville, NY 13408, USA",339,,VTCCB,Vermont Cannabis Control Board,VT,,,,,,,,,,,,,,Big Intelligence Group LLC DBA Wild Legacy Cannabis,2023-04-25T08:24:42.203784,42.8986791,-75.6401825,Madison County,"Morrisville, NY 13408, USA","Morrisville, NY 13408, USA"
Matterhorn Apothecary,"
RTLR0041
",Adult-Use,"Wilmington, NC, USA",340,,VTCCB,Vermont Cannabis Control Board,VT,,,,,,,,,,,,,,Matterhorn Apothecary,2023-04-25T08:24:42.203784,34.2103894,-77.8868117,New Hanover County,"Wilmington, NC, USA","Wilmington, NC, USA"
Bern Legacy Cannabis,"
RTLR0039
",Adult-Use,,341,,VTCCB,Vermont Cannabis Control Board,VT,,,,,,,,,,,,,,Bern Legacy Cannabis,2023-04-25T08:24:42.203784,,,,,
"Silver Therapeutics of Bennington, LLC","
RTLR0042
",Adult-Use,VT 05201,342,,VTCCB,Vermont Cannabis Control Board,VT,,,,,,,,,,,,,,"Silver Therapeutics of Bennington, LLC",2023-04-25T08:24:42.203784,42.8781345,-73.1967741,Bennington County,Bennington,USA
Giving Tree Cannabis,"
RTLR0043
",Adult-Use,VT,343,,VTCCB,Vermont Cannabis Control Board,VT,,,,,,,,,,,,,,Giving Tree Cannabis,2023-04-25T08:24:42.203784,43.3465552,-73.177286,Rutland County,Pawlet,USA
"New England Cannabis Partners LLC, DBA MothaPlant","
RTLR0045
",Adult-Use,"St Albans, UK",344,,VTCCB,Vermont Cannabis Control Board,VT,,,,,,,,,,,,,,"New England Cannabis Partners LLC, DBA MothaPlant",2023-04-25T08:24:42.203784,51.752725,-0.339436,Hertfordshire,"St Albans, UK","St Albans, UK"
Sharp Family Farms DBA The Gas Station,"
RTLR0044
",Adult-Use,"Rutland, UK",345,,VTCCB,Vermont Cannabis Control Board,VT,,,,,,,,,,,,,,Sharp Family Farms DBA The Gas Station,2023-04-25T08:24:42.203784,52.6583014,-0.639643,Rutland,"Rutland, UK","Rutland, UK"
The Herb Closet LLC,"
RTLR0047
",Adult-Use,,346,,VTCCB,Vermont Cannabis Control Board,VT,,,,,,,,,,,,,,The Herb Closet LLC,2023-04-25T08:24:42.203784,,,,,
BB CANN Inc. DBA Float On,"
RTLR0046
",Adult-Use,,347,,VTCCB,Vermont Cannabis Control Board,VT,,,,,,,,,,,,,,BB CANN Inc. DBA Float On,2023-04-25T08:24:42.203784,,,,,
"GoodFire, LLP",RTLR0048,Adult-Use,"Waterbury, CT, USA",348,,VTCCB,Vermont Cannabis Control Board,VT,,,,,,,,,,,,,,"GoodFire, LLP",2023-04-25T08:24:42.203784,41.5581525,-73.0514965,New Haven County,"Waterbury, CT, USA","Waterbury, CT, USA"
"
802Apoth LLC, DBA TRUE-802 Cannabis
",RTLR0049,Adult-Use,,349,,VTCCB,Vermont Cannabis Control Board,VT,,,,,,,,,,,,,,"
802Apoth LLC, DBA TRUE-802 Cannabis
",2023-04-25T08:24:42.203784,,,,,
Euphoria Cannabis LLC,"
RTLR0050
",Adult-Use,,350,,VTCCB,Vermont Cannabis Control Board,VT,,,,,,,,,,,,,,Euphoria Cannabis LLC,2023-04-25T08:24:42.203784,,,,,
"
Cloud9 Cannabis LLC
",RTLR0051,Adult-Use,"Fair Haven, NJ, USA",351,,VTCCB,Vermont Cannabis Control Board,VT,,,,,,,,,,,,,,"
Cloud9 Cannabis LLC
",2023-04-25T08:24:42.203784,40.3606653,-74.03819469999999,Monmouth County,"Fair Haven, NJ, USA","Fair Haven, NJ, USA"
Mary Jane Junction,"
RTLR0052
",Adult-Use,"St Albans, UK",352,,VTCCB,Vermont Cannabis Control Board,VT,,,,,,,,,,,,,,Mary Jane Junction,2023-04-25T08:24:42.203784,51.752725,-0.339436,Hertfordshire,"St Albans, UK","St Albans, UK"
Snowbird Botanicals,"
MANU0024
",Adult-Use,,353,,VTCCB,Vermont Cannabis Control Board,VT,,,,,,,,,,,,,,Snowbird Botanicals,2023-04-25T08:24:42.203784,,,,,
Simple VT LLC; DBA YUT Soda,"
MANU0022
",Adult-Use,,354,,VTCCB,Vermont Cannabis Control Board,VT,,,,,,,,,,,,,,Simple VT LLC; DBA YUT Soda,2023-04-25T08:24:42.203784,,,,,
Encore Herbals LLC,"
MANU0009
",Adult-Use,,355,,VTCCB,Vermont Cannabis Control Board,VT,,,,,,,,,,,,,,Encore Herbals LLC,2023-04-25T08:24:42.203784,,,,,
Vermont Organic Health & Beauty Solutions LLC,"
MANU0014
",Adult-Use,,356,,VTCCB,Vermont Cannabis Control Board,VT,,,,,,,,,,,,,,Vermont Organic Health & Beauty Solutions LLC,2023-04-25T08:24:42.203784,,,,,
District 802,"
MANU0015
",Adult-Use,,357,,VTCCB,Vermont Cannabis Control Board,VT,,,,,,,,,,,,,,District 802,2023-04-25T08:24:42.203784,,,,,
BLISS POINT CHOCOLATE LLC,"
MANU0033
",Adult-Use,,358,,VTCCB,Vermont Cannabis Control Board,VT,,,,,,,,,,,,,,BLISS POINT CHOCOLATE LLC,2023-04-25T08:24:42.203784,,,,,
Bordertown Apothecary LLC,"
MANU0028
",Adult-Use,,359,,VTCCB,Vermont Cannabis Control Board,VT,,,,,,,,,,,,,,Bordertown Apothecary LLC,2023-04-25T08:24:42.203784,,,,,
,,Adult-Use,,360,,VTCCB,Vermont Cannabis Control Board,VT,,,,,,,,,,,,,,,2023-04-25T08:24:42.203784,,,,,
"
Fog Valley Farm LLC
","
MANU0001
",Adult-Use,,361,,VTCCB,Vermont Cannabis Control Board,VT,,,,,,,,,,,,,,"
Fog Valley Farm LLC
",2023-04-25T08:24:42.203784,,,,,
"
Family Tree, LLC
","
MANU0002
",Adult-Use,,362,,VTCCB,Vermont Cannabis Control Board,VT,,,,,,,,,,,,,,"
Family Tree, LLC
",2023-04-25T08:24:42.203784,,,,,
"
Dalen Ltd.
","
MANU0003
",Adult-Use,,363,,VTCCB,Vermont Cannabis Control Board,VT,,,,,,,,,,,,,,"
Dalen Ltd.
",2023-04-25T08:24:42.203784,,,,,
"
The Cannabis Collective
","
MANU0004
",Adult-Use,,364,,VTCCB,Vermont Cannabis Control Board,VT,,,,,,,,,,,,,,"
The Cannabis Collective
",2023-04-25T08:24:42.203784,,,,,
"
Lindie's Kitchen
","
MANU0006
",Adult-Use,,365,,VTCCB,Vermont Cannabis Control Board,VT,,,,,,,,,,,,,,"
Lindie's Kitchen
",2023-04-25T08:24:42.203784,,,,,
"
Glocanna, LLC
","
MANU0007
",Adult-Use,,366,,VTCCB,Vermont Cannabis Control Board,VT,,,,,,,,,,,,,,"
Glocanna, LLC
",2023-04-25T08:24:42.203784,,,,,
"
KnR Cannabis
","
MANU0010
",Adult-Use,,367,,VTCCB,Vermont Cannabis Control Board,VT,,,,,,,,,,,,,,"
KnR Cannabis
",2023-04-25T08:24:42.203784,,,,,
"Green Mountain Hash LLP, DBA Low-Key Alchemy, DBA Luna Xochitl","
MANU0013
",Adult-Use,,368,,VTCCB,Vermont Cannabis Control Board,VT,,,,,,,,,,,,,,"Green Mountain Hash LLP, DBA Low-Key Alchemy, DBA Luna Xochitl",2023-04-25T08:24:42.203784,,,,,
"
Purple Lark Farm LLC.   Brand Name: Motherflower
","
MANU0016
",Adult-Use,,369,,VTCCB,Vermont Cannabis Control Board,VT,,,,,,,,,,,,,,"
Purple Lark Farm LLC.   Brand Name: Motherflower
",2023-04-25T08:24:42.203784,,,,,
"
Altitude Drops
",MANU0017,Adult-Use,,370,,VTCCB,Vermont Cannabis Control Board,VT,,,,,,,,,,,,,,"
Altitude Drops
",2023-04-25T08:24:42.203784,,,,,
"
Trichome Ranch, LLC
",MANU0018,Adult-Use,,371,,VTCCB,Vermont Cannabis Control Board,VT,,,,,,,,,,,,,,"
Trichome Ranch, LLC
",2023-04-25T08:24:42.203784,,,,,
"
Green Queen Incredible Edibles
",MANU0021,Adult-Use,,372,,VTCCB,Vermont Cannabis Control Board,VT,,,,,,,,,,,,,,"
Green Queen Incredible Edibles
",2023-04-25T08:24:42.203784,,,,,
"
Tir Na Nog Edibles, LLC
",MANU0023,Adult-Use,,373,,VTCCB,Vermont Cannabis Control Board,VT,,,,,,,,,,,,,,"
Tir Na Nog Edibles, LLC
",2023-04-25T08:24:42.203784,,,,,
"
Vermontourage Apothecary, LLC
",MANU0025,Adult-Use,,374,,VTCCB,Vermont Cannabis Control Board,VT,,,,,,,,,,,,,,"
Vermontourage Apothecary, LLC
",2023-04-25T08:24:42.203784,,,,,
"
Vermont Herbal Essentials, LLC
","
MANU0026
",Adult-Use,,375,,VTCCB,Vermont Cannabis Control Board,VT,,,,,,,,,,,,,,"
Vermont Herbal Essentials, LLC
",2023-04-25T08:24:42.203784,,,,,
"
GROW. by MJ Cultivators, LLC
","
MANU0029
",Adult-Use,,376,,VTCCB,Vermont Cannabis Control Board,VT,,,,,,,,,,,,,,"
GROW. by MJ Cultivators, LLC
",2023-04-25T08:24:42.203784,,,,,
"
Vermont Craft Edibles
","
MANU0030
",Adult-Use,,377,,VTCCB,Vermont Cannabis Control Board,VT,,,,,,,,,,,,,,"
Vermont Craft Edibles
",2023-04-25T08:24:42.203784,,,,,
"
Stone Leaf Process, LLC
","
MANU0031
",Adult-Use,,378,,VTCCB,Vermont Cannabis Control Board,VT,,,,,,,,,,,,,,"
Stone Leaf Process, LLC
",2023-04-25T08:24:42.203784,,,,,
"
Freedom Flower LLC
","
MANU0032
",Adult-Use,,379,,VTCCB,Vermont Cannabis Control Board,VT,,,,,,,,,,,,,,"
Freedom Flower LLC
",2023-04-25T08:24:42.203784,,,,,
"
Sunset Lake Cannabis, LLC
","
MANU0034
",Adult-Use,,380,,VTCCB,Vermont Cannabis Control Board,VT,,,,,,,,,,,,,,"
Sunset Lake Cannabis, LLC
",2023-04-25T08:24:42.203784,,,,,
"
Formulation Station Vt LLC, DBA   Formulation Station
","
MANU0035
",Adult-Use,,381,,VTCCB,Vermont Cannabis Control Board,VT,,,,,,,,,,,,,,"
Formulation Station Vt LLC, DBA   Formulation Station
",2023-04-25T08:24:42.203784,,,,,
"
Flower First
","
MANU0037
",Adult-Use,,382,,VTCCB,Vermont Cannabis Control Board,VT,,,,,,,,,,,,,,"
Flower First
",2023-04-25T08:24:42.203784,,,,,
"
Bear Mother Cannabis, LLC
","
MANU0039
",Adult-Use,,383,,VTCCB,Vermont Cannabis Control Board,VT,,,,,,,,,,,,,,"
Bear Mother Cannabis, LLC
",2023-04-25T08:24:42.203784,,,,,
Vermont Select LLC,MANU0042,Adult-Use,,384,,VTCCB,Vermont Cannabis Control Board,VT,,,,,,,,,,,,,,Vermont Select LLC,2023-04-25T08:24:42.203784,,,,,
"
Demeters DG, LLC
",MANU0043,Adult-Use,,385,,VTCCB,Vermont Cannabis Control Board,VT,,,,,,,,,,,,,,"
Demeters DG, LLC
",2023-04-25T08:24:42.203784,,,,,
"
The Clean Cannabis Company
",MANU0045,Adult-Use,,386,,VTCCB,Vermont Cannabis Control Board,VT,,,,,,,,,,,,,,"
The Clean Cannabis Company
",2023-04-25T08:24:42.203784,,,,,
,,Adult-Use,,387,,VTCCB,Vermont Cannabis Control Board,VT,,,,,,,,,,,,,,,2023-04-25T08:24:42.203784,,,,,
"
Kria Commons, LLC
","
MANU0005
",Adult-Use,,388,,VTCCB,Vermont Cannabis Control Board,VT,,,,,,,,,,,,,,"
Kria Commons, LLC
",2023-04-25T08:24:42.203784,,,,,
"
X-Tract Vermont LLC
","
MANU0008
",Adult-Use,,389,,VTCCB,Vermont Cannabis Control Board,VT,,,,,,,,,,,,,,"
X-Tract Vermont LLC
",2023-04-25T08:24:42.203784,,,,,
"
Satori Investment Partners VT LLC (d/b/a/ Satori VT and Northeast Processing)
","
MANU0011
",Adult-Use,,390,,VTCCB,Vermont Cannabis Control Board,VT,,,,,,,,,,,,,,"
Satori Investment Partners VT LLC (d/b/a/ Satori VT and Northeast Processing)
",2023-04-25T08:24:42.203784,,,,,
"
Tilia Processing LLC
","
MANU0012
",Adult-Use,,391,,VTCCB,Vermont Cannabis Control Board,VT,,,,,,,,,,,,,,"
Tilia Processing LLC
",2023-04-25T08:24:42.203784,,,,,
"
Green Mountain Scientific Corp.
","
MANU0019
",Adult-Use,,392,,VTCCB,Vermont Cannabis Control Board,VT,,,,,,,,,,,,,,"
Green Mountain Scientific Corp.
",2023-04-25T08:24:42.203784,,,,,
"
Drink Taunik LLC
","
MANU0036
",Adult-Use,,393,,VTCCB,Vermont Cannabis Control Board,VT,,,,,,,,,,,,,,"
Drink Taunik LLC
",2023-04-25T08:24:42.203784,,,,,
Vermont Kind Manufacturing LLC,"
MANU0027
",Adult-Use,,394,,VTCCB,Vermont Cannabis Control Board,VT,,,,,,,,,,,,,,Vermont Kind Manufacturing LLC,2023-04-25T08:24:42.203784,,,,,
"
Gaston Weed Company
",MANU0044,Adult-Use,,395,,VTCCB,Vermont Cannabis Control Board,VT,,,,,,,,,,,,,,"
Gaston Weed Company
",2023-04-25T08:24:42.203784,,,,,
Park Rec LLC d/b/a FLORA Cannabis,"
WHSL0001
",Adult-Use,,396,,VTCCB,Vermont Cannabis Control Board,VT,,,,,,,,,,,,,,Park Rec LLC d/b/a FLORA Cannabis,2023-04-25T08:24:42.203784,,,,,
Mend Botanical LLC,"
WHSL0005
",Adult-Use,,397,,VTCCB,Vermont Cannabis Control Board,VT,,,,,,,,,,,,,,Mend Botanical LLC,2023-04-25T08:24:42.203784,,,,,
"
Apex Arboretum Inc. dba Upstate Elevator Operators
","
WHSL0004
",Adult-Use,,398,,VTCCB,Vermont Cannabis Control Board,VT,,,,,,,,,,,,,,"
Apex Arboretum Inc. dba Upstate Elevator Operators
",2023-04-25T08:24:42.203784,,,,,
Big Intelligence Group,"
WHSL0008
",Adult-Use,,399,,VTCCB,Vermont Cannabis Control Board,VT,,,,,,,,,,,,,,Big Intelligence Group,2023-04-25T08:24:42.203784,,,,,
Vermont Cannabis Distributors,"
WHSL0002
",Adult-Use,,400,,VTCCB,Vermont Cannabis Control Board,VT,,,,,,,,,,,,,,Vermont Cannabis Distributors,2023-04-25T08:24:42.203784,,,,,
Northern Craft Cannabis,"
WHSL0003
",Adult-Use,,401,,VTCCB,Vermont Cannabis Control Board,VT,,,,,,,,,,,,,,Northern Craft Cannabis,2023-04-25T08:24:42.203784,,,,,
Ojorojo Cannabis,"
WHSL0007
",Adult-Use,,402,,VTCCB,Vermont Cannabis Control Board,VT,,,,,,,,,,,,,,Ojorojo Cannabis,2023-04-25T08:24:42.203784,,,,,
Family Tree LLC,"
WHSL0009
",Adult-Use,,403,,VTCCB,Vermont Cannabis Control Board,VT,,,,,,,,,,,,,,Family Tree LLC,2023-04-25T08:24:42.203784,,,,,
"
Satori Investment Partners VT LLC (d/b/a/ Satori VT and Northeast Processing)
","
WHSL0006
",Adult-Use,,404,,VTCCB,Vermont Cannabis Control Board,VT,,,,,,,,,,,,,,"
Satori Investment Partners VT LLC (d/b/a/ Satori VT and Northeast Processing)
",2023-04-25T08:24:42.203784,,,,,
